# Object Export From Tinkercad Server 2015

mtllib obj.mtl

o obj_0
v 73 		-28 		20
v 73 		-28 		0
v -30.324 		76.631 		40.858
v -30.324 		72 		40.858
v 15.517 		76.631 		32.167
v 15.529 		76.631 		31.917
v 22.472 		76.631 		31.468
v 22.386 		76.631 		31.495
v -13.709 		76.631 		40.923
v 22.386 		72 		31.495
v 15.552 		76.631 		31.781
v 22.472 		72 		31.468
v 5.473 		72 		40.525
v 15.529 		72 		31.917
v 15.552 		72 		31.781
v 5.621 		72 		40.398
v 47.113 		72 		38.576
v 47.49 		72 		38.375
v -13.799 		76.631 		40.852
v -13.878 		76.631 		40.767
v 15.587 		76.631 		31.681
v -13.938 		76.631 		40.683
v 15.587 		72 		31.681
v 40.637 		76.631 		31.488
v 69.003 		-24.003 		20
v 54.8445 		-24.003 		20
v 55.1376 		-28 		20
v 38.889 		-28 		20
v 38.7562 		-25.9226 		20
v 38.6333 		-24.003 		20
v -13.982 		76.631 		40.594
v 22.603 		76.631 		31.449
v 22.603 		72 		31.449
v -14.024 		76.631 		40.467
v 47.919 		72 		38.151
v 22.78 		76.631 		31.434
v 22.78 		72 		31.434
v 42.444 		76.631 		40.892
v 42.444 		72 		40.892
v 15.627 		76.631 		31.597
v 55.1249 		-28 		14.521
v 42.327 		76.631 		40.234
v 42.327 		72 		40.234
v 15.627 		72 		31.597
v 42.29 		76.631 		39.553
v 38.7662 		-28 		12.9637
v 42.29 		72 		39.553
v 38.6217 		-28 		4.6985
v 42.315 		76.631 		38.928
v 22.98 		76.631 		31.429
v 22.98 		72 		31.429
v 42.315 		72 		38.928
v -14.059 		76.631 		40.313
v 45.4018 		-28 		4.58
v 40.6447 		-28 		4.6633
v 15.653 		76.631 		31.559
v -28.695 		76.631 		39.992
v -29.301 		76.631 		40.311
v -29.301 		72 		40.311
v 15.653 		72 		31.559
v -28.695 		72 		39.992
v 42.39 		76.631 		38.345
v 55.0962 		-28 		2.0505
v 42.39 		72 		38.345
v 23.848 		76.631 		31.429
v 23.848 		72 		31.429
v 45.396 		-28 		2.0505
v 42.521 		76.631 		37.798
v 23.848 		76.631 		28.431
v -29.856 		76.631 		40.593
v 42.521 		72 		37.798
v -29.856 		72 		40.593
v 15.657 		76.631 		31.555
v 15.657 		72 		31.555
v 42.711 		76.631 		37.288
v 42.711 		72 		37.288
v 15.689 		76.631 		31.537
v -14.081 		76.631 		40.133
v 40.641 		76.631 		31.483
v 5.302 		72 		40.617
v 15.689 		72 		31.537
v 5.079 		72 		40.68
v 54.8076 		-24.003 		3.998
v 54.8079 		-24.003 		4.1023
v 15.78 		76.631 		31.502
v 3.952 		72 		40.398
v 15.78 		72 		31.502
v -32.7 		76.631 		37.284
v -32.7 		72 		37.284
v 24 		78 		15
v 24 		68 		15
v 3.643 		72 		40.007
v 38.3658 		-24.003 		4.7026
v -32.095 		76.631 		36.92
v -32.095 		72 		36.92
v 3.366 		72 		39.367
v 15.907 		76.631 		31.472
v 43.7013 		-24.003 		4.6098
v 45.1087 		-24.003 		4.5851
v 15.907 		72 		31.472
v 45.1074 		-24.003 		3.998
v 3.077 		72 		38.246
v 3.152 		72 		38.452
v 16.063 		76.631 		31.449
v 69.003 		-24.003 		3.998
v 16.063 		72 		31.449
v 47.79 		76.631 		32.816
v -14.089 		76.631 		39.931
v 16.24 		76.631 		31.434
v 16.24 		72 		31.434
v -25.018 		76.631 		33.301
v -25.018 		72 		33.301
v 47.769 		76.631 		32.96
v -24.969 		76.631 		34.199
v -24.969 		72 		34.199
v -14.08 		76.631 		39.75
v -25.005 		76.631 		34.941
v -25.005 		72 		34.941
v -25.116 		76.631 		35.648
v 54.744 		-23.1353 		3.998
v 54.8047 		-23.963 		3.998
v -25.116 		72 		35.648
v -14.058 		76.631 		39.62
v 47.739 		76.631 		33.068
v 24 		68 		6
v 3.02 		72 		35.122
v 3.039 		72 		34.9399
v 44.998 		-22.5113 		3.998
v 24 		78 		6
v -25.302 		76.631 		36.307
v -25.302 		72 		36.307
v 46.0593 		-22.5791 		3.998
v 3.005 		72 		34.94
v 11.08 		76.631 		31.429
v 3.093 		72 		34.422
v 47.707 		76.631 		33.144
v -14.027 		76.631 		39.52
v 3.199 		72 		33.815
v 54.744 		-23.198 		2.004
v 3.334 		72 		33.301
v 3.489 		72 		32.883
v -13.982 		76.631 		39.423
v 11.288 		76.631 		31.434
v 44.998 		-22.574 		1.998
v 47.652 		76.631 		33.232
v 7.519 		72 		32.857
v -13.916 		76.631 		39.327
v 8.078 		72 		33.804
v 47.554 		76.631 		33.349
v 22 		68.561 		23.645
v 11.47 		76.631 		31.449
v -29.05 		76.631 		34.861
v 22 		76.631 		20.998
v 15.517 		72 		32.167
v 22 		76.631 		24.1619
v 58 		15 		15
v 58 		15 		6
v 68 		15 		6
v 68 		15 		15
v -13.811 		76.631 		39.212
v 22 		78.063 		20.998
v 47.415 		76.631 		33.482
v 73 		88 		0
v 73 		88 		20
v 40.66 		76.631 		31.484
v 40.762 		76.631 		31.456
v 11.599 		76.631 		31.468
v 22 		68 		16
v 22 		77.742 		16.624
v -56 		-28 		0
v -56 		-28 		20
v -29.202 		76.631 		35.067
v -13.65 		76.631 		39.071
v 47.215 		76.631 		33.639
v -49.003 		-24.003 		20
v 40.888 		76.631 		31.437
v 50.95 		72 		41.268
v 11.678 		76.631 		31.493
v 50.848 		72 		41.728
v 50.682 		72 		42.156
v 50.454 		72 		42.566
v 50.163 		72 		42.931
v -29.411 		76.631 		35.283
v -13.437 		76.631 		38.912
v 49.826 		72 		43.238
v 49.453 		72 		43.489
v -29.686 		76.631 		35.521
v 50.678 		72 		39.465
v 50.914 		72 		40.101
v 11.753 		76.631 		31.531
v 50.985 		72 		40.773
v 45.103 		76.631 		33.179
v 49.232 		72 		38.372
v 49.791 		72 		38.571
v 50.287 		72 		38.936
v -30.02 		76.631 		35.767
v 49.775 		72 		36.955
v 49.36 		72 		37.28
v 45.133 		76.631 		32.833
v 11.781 		76.631 		31.55
v -49.003 		-24.003 		3.998
v -30.42 		76.631 		36.024
v 51.422 		72 		33.072
v 51.398 		72 		33.688
v 51.322 		72 		34.264
v 51.192 		72 		34.805
v 11.788 		76.631 		31.558
v 51.008 		72 		35.308
v 50.772 		72 		35.776
v -36 		13 		6
v -36 		13 		14.9981
v 50.484 		72 		36.214
v 50.148 		72 		36.602
v -36.0497 		13 		15
v -46 		13 		15
v -46 		13 		6
v 36.902 		76.631 		29.024
v -56 		88 		20
v -56 		88 		0
v 11.08 		72 		31.429
v 47.247 		72 		41.015
v 11.817 		76.631 		31.605
v 11.288 		72 		31.434
v 45.292 		76.631 		34.779
v 46.913 		72 		41.066
v -31.455 		76.631 		36.587
v 11.47 		72 		31.449
v -20.389 		72 		49.246
v -20.62 		72 		49.343
v -20.834 		72 		49.417
v 46.95 		76.631 		33.819
v -21.078 		72 		49.466
v 11.845 		76.631 		31.67
v 37.199 		76.631 		29.301
v 11.599 		72 		31.468
v 46.706 		72 		41.055
v -30.895 		76.631 		36.296
v -21.325 		72 		49.481
v -21.578 		72 		49.466
v 37.4026 		76.631 		29.5272
v -21.828 		72 		49.418
v -22.045 		72 		49.344
v -22.277 		72 		49.246
v 37.4026 		73.728 		29.5272
v 11.678 		72 		31.493
v 46.628 		76.631 		34.021
v 46.512 		72 		41.022
v 11.875 		76.631 		31.788
v 37.478 		76.631 		29.611
v 11.753 		72 		31.531
v 46.379 		72 		40.979
v 11.781 		72 		31.55
v 46.246 		76.631 		34.246
v 11.788 		72 		31.558
v 11.9 		76.631 		31.987
v -19.326 		72 		46.559
v -19.309 		72 		46.95
v -19.326 		72 		47.332
v -19.379 		72 		47.704
v 11.817 		72 		31.605
v -19.47 		72 		48.043
v -19.585 		72 		48.343
v -32.76 		76.631 		33.551
v -19.742 		72 		48.631
v -19.928 		72 		48.87
v 45.797 		76.631 		34.497
v -20.136 		72 		49.077
v 37.732 		76.631 		29.945
v 11.845 		72 		31.67
v 49.049 		72 		43.693
v 48.617 		72 		43.853
v 48.144 		72 		43.982
v 47.628 		72 		44.06
v 47.084 		72 		44.085
v 46.433 		72 		44.056
v 45.815 		72 		43.968
v 45.231 		72 		43.817
v 11.875 		72 		31.788
v 11.911 		76.631 		32.287
v -19.742 		72 		45.267
v 11.9 		72 		31.987
v -19.585 		72 		45.554
v -19.472 		72 		45.85
v 37.955 		76.631 		30.27
v -19.38 		72 		46.18
v 11.911 		72 		32.287
v 44.683 		72 		43.603
v 44.175 		72 		43.325
v 43.703 		72 		42.977
v 43.291 		72 		42.557
v 38.153 		76.631 		30.567
v 38.1518 		76.631 		30.567
v 42.941 		72 		42.077
v 42.648 		72 		41.522
v 38.1518 		73.728 		30.567
v 39.314 		72 		42.881
v 9.999 		72 		31.429
v 38.848 		72 		43.29
v 38.332 		72 		43.605
v 37.773 		72 		43.833
v 37.184 		72 		43.986
v 38.175 		76.631 		30.602
v 9.999 		76.631 		31.429
v 40.268 		72 		41.137
v 40.028 		72 		41.787
v 39.711 		72 		42.369
v 47.79 		72 		32.816
v -22.53 		72 		49.077
v -22.739 		72 		48.87
v -22.924 		72 		48.631
v -23.082 		72 		48.343
v -23.203 		72 		48.024
v -23.285 		72 		47.672
v 9.482 		72 		31.142
v -23.328 		72 		47.317
v 9.527 		72 		31.6
v 47.769 		72 		32.96
v -23.342 		72 		46.95
v 9.497 		72 		32.001
v -23.328 		72 		46.574
v 9.405 		72 		32.38
v -23.284 		72 		46.213
v -23.202 		72 		45.869
v -23.082 		72 		45.554
v -22.924 		72 		45.267
v 9.256 		72 		32.707
v -20.374 		72 		44.643
v -20.111 		72 		44.831
v -19.916 		72 		45.043
v -19.432 		72 		43.867
v -22.751 		72 		45.043
v -22.555 		72 		44.831
v -22.293 		72 		44.643
v -22.028 		72 		44.528
v -21.793 		72 		44.464
v -21.561 		72 		44.428
v -21.325 		72 		44.417
v -21.096 		72 		44.428
v -20.869 		72 		44.465
v -20.637 		72 		44.529
v -26.566 		72 		47.208
v -26.962 		72 		47.566
v -27.416 		72 		47.872
v -27.909 		72 		48.123
v -28.445 		72 		48.326
v -25.605 		72 		45.348
v -25.743 		72 		45.878
v -25.958 		72 		46.362
v -26.229 		72 		46.805
v -29.03 		72 		48.476
v -29.658 		72 		48.565
v -30.328 		72 		48.594
v -31.05 		72 		48.556
v -31.747 		72 		48.44
v -32.415 		72 		48.244
v -29.464 		72 		45.088
v -29.624 		72 		45.21
v -29.8 		72 		45.295
v -30.032 		72 		45.353
v -30.33 		72 		45.376
v -30.619 		72 		45.359
v -30.874 		72 		45.311
v -31.095 		72 		45.234
v -31.291 		72 		45.133
v 47.739 		72 		33.068
v 47.707 		72 		33.144
v 9.482 		76.631 		31.142
v 47.652 		72 		33.232
v -32.68 		76.631 		33.149
v 47.554 		72 		33.349
v 47.415 		72 		33.482
v 37.24 		76.631 		30.567
v 36.55 		72 		44.075
v 35.873 		72 		44.103
v -32.576 		76.631 		32.777
v 35.311 		72 		44.086
v 34.772 		72 		44.033
v 34.262 		72 		43.945
v 33.762 		72 		43.829
v 33.282 		72 		43.665
v 8.226 		72 		29.185
v 32.832 		72 		43.449
v 8.592 		72 		29.503
v 8.911 		72 		29.867
v 9.169 		72 		30.273
v 9.358 		72 		30.697
v 47.215 		72 		33.639
v 9.527 		76.631 		31.6
v 47.776 		72 		39.947
v 9.999 		72 		28.431
v 47.677 		72 		40.436
v 9.497 		76.631 		32.001
v 4.302 		72 		31.946
v 47.544 		72 		40.756
v 4.591 		72 		31.824
v 45.103 		72 		33.179
v 9.405 		76.631 		32.38
v 47.415 		72 		40.92
v -24.828 		72 		43.867
v 45.133 		72 		32.833
v -28.813 		76.631 		32.858
v 9.256 		76.631 		32.707
v 37.574 		76.631 		28.431
v -13.188 		76.631 		38.749
v -27.428 		72 		42.245
v -26.852 		72 		42.434
v -26.325 		72 		42.787
v -25.89 		72 		43.34
v -25.634 		72 		44.035
v -25.557 		72 		44.785
v 45.292 		72 		34.779
v -28.875 		72 		43.48
v 46.95 		72 		33.819
v 46.278 		72 		40.923
v -12.874 		76.631 		38.576
v 40.556 		72 		32.259
v 4.918 		72 		31.747
v 46.188 		72 		40.852
v -28.904 		72 		43.797
v 46.628 		72 		34.021
v 46.246 		72 		34.246
v 46.11 		72 		40.767
v -28.948 		72 		44.088
v -12.498 		76.631 		38.375
v 45.797 		72 		34.497
v 40.561 		72 		31.97
v 46.05 		72 		40.683
v -29.015 		72 		44.339
v 46.006 		72 		40.594
v -28.746 		76.631 		33.597
v 40.577 		72 		31.746
v 8.226 		76.631 		29.185
v -29.103 		72 		44.574
v 45.963 		72 		40.467
v 42.959 		76.631 		36.816
v 5.301 		72 		31.72
v -29.201 		72 		44.77
v 45.929 		72 		40.313
v 40.595 		72 		31.61
v 43.254 		76.631 		36.397
v 5.583 		72 		31.733
v 5.854 		72 		31.771
v 43.583 		76.631 		36.019
v -29.318 		72 		44.936
v 45.906 		72 		40.133
v 8.592 		76.631 		29.503
v 6.107 		72 		31.834
v 43.962 		76.631 		35.67
v 40.616 		72 		31.538
v 6.345 		72 		31.92
v 8.911 		76.631 		29.867
v 44.376 		76.631 		35.356
v 9.169 		76.631 		30.273
v 40.633 		72 		31.496
v -12.31 		72 		40.436
v -31.45 		72 		45.016
v 44.817 		76.631 		35.065
v 9.358 		76.631 		30.697
v -31.589 		72 		44.875
v 40.6342 		72 		31.4941
v 45.898 		72 		39.931
v 40.6342 		73.728 		31.4941
v -28.758 		76.631 		33.897
v -12.443 		72 		40.756
v 45.907 		72 		39.75
v -31.704 		72 		44.721
v 40.66 		72 		31.484
v 45.929 		72 		39.62
v -31.798 		72 		44.546
v -12.572 		72 		40.92
v 45.96 		72 		39.52
v -31.88 		72 		44.326
v 6.563 		72 		32.022
v -28.799 		76.631 		34.189
v 40.619 		72 		31.5
v 9.999 		76.631 		28.431
v 46.006 		72 		39.423
v 6.773 		72 		32.147
v -13.709 		72 		40.923
v 6.968 		72 		32.28
v 45.052 		76.631 		34.572
v -31.943 		72 		44.08
v 7.134 		72 		32.415
v 46.071 		72 		39.327
v -28.862 		76.631 		34.447
v -31.982 		72 		43.804
v 46.176 		72 		39.212
v 7.282 		72 		32.559
v -31.996 		72 		43.486
v 40.762 		72 		31.456
v 44.048 		76.631 		34.509
v 46.337 		72 		39.071
v 7.411 		72 		32.709
v -31.982 		72 		43.101
v -13.799 		72 		40.852
v 40.637 		72 		31.488
v 40.641 		72 		31.483
v -28.941 		76.631 		34.66
v 46.55 		72 		38.912
v 43.826 		76.631 		34.46
v -13.878 		72 		40.767
v 43.625 		76.631 		34.391
v -28.817 		72 		42.137
v -13.938 		72 		40.683
v 43.391 		76.631 		34.298
v 7.817 		72 		28.903
v -31.943 		72 		42.758
v -13.982 		72 		40.594
v 47.879 		72 		38.246
v 43.133 		76.631 		34.139
v -31.886 		72 		42.486
v 40.888 		72 		31.437
v 4.996 		72 		28.176
v 5.664 		72 		28.208
v 6.285 		72 		28.305
v 6.85 		72 		28.467
v 7.355 		72 		28.664
v -29.05 		72 		34.861
v 4.172 		72 		28.233
v -31.804 		72 		42.264
v -29.202 		72 		35.067
v -31.684 		72 		42.038
v 3.658 		72 		32.558
v 46.799 		72 		38.749
v -14.024 		72 		40.467
v 3.849 		72 		32.3
v -29.411 		72 		35.283
v -31.528 		72 		41.817
v 4.057 		72 		32.102
v -14.059 		72 		40.313
v 36.902 		72 		29.024
v -29.686 		72 		35.521
v -31.321 		72 		41.595
v -14.081 		72 		40.133
v -30.02 		72 		35.767
v 48.92 		72 		37.575
v -31.049 		72 		41.356
v 48.441 		72 		37.864
v 37.199 		72 		29.301
v -30.72 		72 		41.112
v 3.382 		72 		28.407
v -30.42 		72 		36.024
v -14.089 		72 		39.931
v 37.4026 		72 		29.5272
v -14.08 		72 		39.75
v 0.338 		72 		31.059
v 0.798 		72 		30.311
v 1.333 		72 		29.662
v 1.95 		72 		29.122
v 2.638 		72 		28.703
v -31.455 		72 		36.587
v -14.058 		72 		39.62
v 37.478 		72 		29.611
v -7.016 		72 		43.931
v -14.027 		72 		39.52
v 37.732 		72 		29.945
v -30.895 		72 		36.296
v -6.858 		72 		44.16
v -23.037 		72 		40.077
v -13.982 		72 		39.423
v -6.711 		72 		44.435
v 37.955 		72 		30.27
v -23.05 		72 		40.327
v -6.587 		72 		44.736
v -32.76 		72 		33.551
v 42.894 		76.631 		33.931
v 38.1518 		72 		30.567
v 38.153 		72 		30.567
v -23.073 		72 		40.463
v -6.475 		72 		45.121
v -32.68 		72 		33.149
v -6.361 		72 		45.611
v 42.68 		76.631 		33.676
v -23.107 		72 		40.563
v 38.175 		72 		30.602
v -3.665 		72 		46.963
v -6.105 		72 		46.963
v -23.148 		72 		40.647
v -3.665 		72 		43.867
v 42.5 		76.631 		33.383
v -32.576 		72 		32.777
v -7.901 		72 		43.447
v -23.174 		72 		40.685
v -7.709 		72 		43.489
v 42.35 		76.631 		33.055
v -23.193 		72 		40.704
v -7.502 		72 		43.56
v 37.24 		72 		30.567
v -7.32 		72 		43.652
v -23.246 		72 		40.737
v -7.164 		72 		43.772
v -13.916 		72 		39.327
v -28.813 		72 		32.858
v 37.574 		72 		28.431
v -23.338 		72 		40.779
v -0.903 		72 		43.867
v -13.811 		72 		39.212
v -23.447 		72 		40.811
v -28.746 		72 		33.597
v -23.584 		72 		40.831
v -13.65 		72 		39.071
v -23.761 		72 		40.846
v -28.758 		72 		33.897
v 34.084 		76.631 		32.483
v -13.437 		72 		38.912
v -8.879 		72 		43.372
v -28.799 		72 		34.189
v -13.188 		72 		38.749
v -23.96 		72 		40.851
v -12.874 		72 		38.576
v 42.959 		72 		36.816
v -28.862 		72 		34.447
v -12.498 		72 		38.375
v 34.171 		76.631 		32.122
v -9.037 		72 		41.268
v -9.14 		72 		41.728
v -28.941 		72 		34.66
v -9.305 		72 		42.156
v -9.533 		72 		42.566
v -9.824 		72 		42.931
v -10.161 		72 		43.238
v -10.534 		72 		43.489
v -10.939 		72 		43.693
v 43.254 		72 		36.397
v -12.197 		76.631 		32.816
v -12.197 		72 		32.816
v 43.583 		72 		36.019
v 43.962 		72 		35.67
v -0.096 		72 		40.335
v -12.218 		76.631 		32.96
v -0.543 		72 		38.354
v -19.432 		76.631 		32.292
v -0.686 		72 		36.048
v -12.218 		72 		32.96
v 34.277 		76.631 		31.919
v 44.376 		72 		35.356
v -0.647 		72 		34.901
v -12.248 		76.631 		33.068
v 44.817 		72 		35.065
v -19.419 		76.631 		32.01
v -12.248 		72 		33.068
v -12.281 		76.631 		33.144
v -12.281 		72 		33.144
v -0.531 		72 		33.836
v -24.828 		72 		40.851
v -0.332 		72 		32.832
v -26.206 		72 		38.001
v -3.665 		72 		40.471
v -26.627 		72 		38.473
v -0.903 		72 		40.471
v -27.081 		72 		38.898
v -27.578 		72 		39.29
v -28.119 		72 		39.652
v 45.052 		72 		34.572
v -3.665 		72 		32.935
v 44.048 		72 		34.509
v 43.826 		72 		34.46
v 43.625 		72 		34.391
v 43.391 		72 		34.298
v 43.133 		72 		34.139
v 42.894 		72 		33.931
v 42.68 		72 		33.676
v -25.542 		72 		36.907
v 42.5 		72 		33.383
v -25.842 		72 		37.47
v 42.35 		72 		33.055
v -7.271 		72 		40.471
v -7.271 		72 		33.028
v -16.026 		76.631 		35.67
v 36.935 		72 		38.196
v -15.612 		76.631 		35.356
v 36.935 		72 		38.756
v -15.17 		76.631 		35.065
v -8.879 		72 		40.471
v 36.928 		72 		39.165
v 36.91 		72 		39.541
v 36.882 		72 		39.865
v -9.7 		72 		38.936
v -9.309 		72 		39.465
v -9.073 		72 		40.101
v -9.002 		72 		40.773
v -12.336 		76.631 		33.232
v -10.755 		72 		38.372
v -10.196 		72 		38.571
v 40.556 		72 		38.804
v -10.213 		72 		36.955
v -10.627 		72 		37.28
v 40.526 		72 		39.63
v 40.432 		72 		40.412
v 4.302 		76.631 		31.946
v 36.099 		72 		40.867
v -12.433 		76.631 		33.349
v -8.565 		72 		33.072
v -8.59 		72 		33.688
v -8.665 		72 		34.264
v -8.795 		72 		34.805
v 36.837 		72 		40.126
v -8.98 		72 		35.308
v -9.215 		72 		35.776
v -9.503 		72 		36.214
v -9.839 		72 		36.602
v 34.395 		76.631 		31.802
v 36.778 		72 		40.335
v -12.572 		76.631 		33.482
v 36.718 		72 		40.482
v 4.591 		76.631 		31.824
v -0.039 		72 		31.901
v -2.828 		72 		31.376
v -3.111 		72 		31.417
v 36.647 		72 		40.596
v 36.56 		72 		40.691
v 34.597 		76.631 		31.711
v 36.468 		72 		40.761
v -2.65 		72 		31.379
v -12.772 		76.631 		33.639
v 4.918 		76.631 		31.747
v 34.963 		76.631 		31.667
v 36.329 		72 		40.819
v -2.443 		72 		31.389
v -19.392 		76.631 		31.837
v -2.266 		72 		31.405
v 35.264 		76.631 		31.686
v -2.087 		72 		31.438
v 5.301 		76.631 		31.72
v 35.792 		72 		40.886
v -19.355 		76.631 		31.72
v -0.78 		72 		31.619
v -1.879 		72 		31.478
v 35.495 		72 		40.869
v -13.037 		76.631 		33.819
v 35.55 		76.631 		31.745
v -19.317 		76.631 		31.64
v -3.624 		72 		32.284
v -13.359 		76.631 		34.021
v 35.28 		72 		40.825
v -3.528 		72 		31.871
v -19.281 		76.631 		31.586
v -13.741 		76.631 		34.246
v 35.135 		72 		40.766
v -3.41 		72 		31.636
v 35.8 		76.631 		31.836
v -19.257 		76.631 		31.562
v 35.024 		72 		40.695
v -14.19 		76.631 		34.497
v -3.28 		72 		31.503
v 34.945 		72 		40.62
v -19.221 		76.631 		31.537
v 36.03 		76.631 		31.967
v 34.887 		72 		40.538
v -0.706 		72 		28.848
v 34.827 		72 		40.413
v 5.583 		76.631 		31.733
v -14.884 		76.631 		33.179
v -2.04 		72 		28.345
v 36.231 		76.631 		32.125
v -1.84 		72 		28.391
v -2.215 		72 		28.316
v -19.14 		76.631 		31.5
v -1.523 		72 		28.485
v -14.936 		76.631 		34.572
v -1.676 		72 		28.441
v 5.854 		76.631 		31.771
v 34.772 		72 		40.247
v 36.402 		76.631 		32.308
v -14.854 		76.631 		32.833
v 34.732 		72 		40.057
v -3.396 		72 		28.177
v -3.191 		72 		28.182
v -2.989 		72 		28.196
v -2.787 		72 		28.219
v -2.58 		72 		28.248
v -2.382 		72 		28.282
v -1.354 		72 		28.546
v 34.707 		72 		39.797
v 6.107 		76.631 		31.834
v -3.969 		72 		28.204
v 34.689 		72 		39.481
v -15.939 		76.631 		34.509
v 36.549 		76.631 		32.521
v -4.512 		72 		28.289
v 6.345 		76.631 		31.92
v -16.161 		76.631 		34.46
v -19.039 		76.631 		31.47
v 33.216 		72 		38.216
v -16.363 		76.631 		34.391
v -7.251 		72 		32.289
v 34.649 		72 		38.133
v -7.187 		72 		31.596
v -7.075 		72 		30.949
v -6.89 		72 		30.339
v -6.635 		72 		29.789
v -6.31 		72 		29.317
v -5.925 		72 		28.926
v -19.432 		72 		32.292
v 6.563 		76.631 		32.022
v -19.419 		72 		32.01
v 35.939 		72 		38.144
v 34.385 		72 		37.987
v -14.696 		76.631 		34.779
v 33.032 		72 		37.594
v -19.392 		72 		31.837
v -19.355 		72 		31.72
v 36.866 		72 		33.395
v 6.773 		76.631 		32.147
v -19.317 		72 		31.64
v -16.026 		72 		35.67
v 36.916 		72 		33.758
v -19.281 		72 		31.586
v -15.612 		72 		35.356
v 36.565 		76.631 		28.769
v -19.257 		72 		31.562
v -15.17 		72 		35.065
v 36.935 		72 		34.191
v -19.221 		72 		31.537
v 6.968 		76.631 		32.28
v -19.14 		72 		31.5
v 36.953 		72 		35.199
v -19.039 		72 		31.47
v -12.336 		72 		33.232
v -12.433 		72 		33.349
v 7.134 		76.631 		32.415
v -12.572 		72 		33.482
v -12.772 		72 		33.639
v -13.037 		72 		33.819
v 32.893 		76.631 		28.48
v 7.282 		76.631 		32.559
v -5.472 		72 		28.626
v -5 		72 		28.433
v -13.359 		72 		34.021
v 35.925 		72 		35.101
v 36.45 		72 		35.149
v -13.741 		72 		34.246
v 33.39 		76.631 		28.312
v 35.481 		72 		35.026
v -14.19 		72 		34.497
v -10.529 		72 		28.976
v -10.039 		72 		29.352
v -9.607 		72 		29.816
v 7.411 		76.631 		32.709
v 33.916 		76.631 		28.209
v -9.246 		72 		30.339
v -8.95 		72 		30.932
v -8.732 		72 		31.604
v -8.606 		72 		32.322
v 35.127 		72 		34.931
v 34.453 		76.631 		28.176
v -14.936 		72 		34.572
v -14.884 		72 		33.179
v 34.951 		76.631 		28.2
v -23.96 		72 		31.429
v -23.761 		72 		31.434
v 35.411 		76.631 		28.274
v 34.047 		72 		33.041
v 34.061 		72 		33.393
v -23.584 		72 		31.449
v -14.854 		72 		32.833
v -23.427 		72 		31.472
v -23.3 		72 		31.502
v 35.818 		76.631 		28.399
v -23.21 		72 		31.537
v 21.891 		76.631 		43.319
v 36.677 		72 		32.772
v 36.198 		76.631 		28.558
v 21.546 		76.631 		43.018
v -15.939 		72 		34.509
v 36.785 		72 		33.07
v -16.161 		72 		34.46
v -16.363 		72 		34.391
v 34.848 		72 		34.811
v -14.696 		72 		34.779
v 34.627 		72 		34.675
v -12.237 		76.631 		28.303
v -12.237 		72 		28.303
v 21.077 		76.631 		42.527
v 20.786 		76.631 		42.885
v 21.227 		76.631 		42.664
v 21.1006 		73.728 		42.4884
v 21.1006 		76.631 		42.4884
v 20.934 		76.631 		42.257
v 20.6673 		73.728 		41.803
v 20.667 		76.631 		41.803
v 20.6673 		76.631 		41.803
v 20.665 		76.631 		41.799
v 21.4759 		73.728 		41.803
v 21.543 		76.631 		41.66
v 21.4759 		76.631 		41.803
v 21.491 		76.631 		41.803
v 21.331 		76.631 		42.112
v 21.891 		72 		43.319
v 21.546 		72 		43.018
v 21.077 		72 		42.527
v -11.628 		76.631 		28.463
v -11.628 		72 		28.463
v 20.786 		72 		42.885
v -23.178 		72 		31.555
v 34.084 		72 		32.483
v -23.174 		72 		31.559
v -11.061 		76.631 		28.681
v -11.061 		72 		28.681
v -23.148 		72 		31.597
v 34.472 		72 		34.54
v 34.171 		72 		32.122
v -12.274 		76.631 		32.09
v -12.274 		72 		32.09
v -23.107 		72 		31.681
v 34.35 		72 		34.383
v 34.277 		72 		31.919
v -23.073 		72 		31.781
v 34.247 		72 		34.197
v -12.228 		76.631 		32.248
v 7.817 		76.631 		28.903
v -12.228 		72 		32.248
v 34.395 		72 		31.802
v 21.227 		72 		42.664
v 34.166 		72 		33.979
v 34.102 		72 		33.712
v 21.1006 		72 		42.4884
v -12.199 		76.631 		32.424
v -12.199 		72 		32.424
v 34.597 		72 		31.711
v -12.189 		76.631 		32.631
v -12.189 		72 		32.631
v -23.05 		72 		31.917
v 34.963 		72 		31.667
v -23.037 		72 		32.167
v 20.934 		72 		42.257
v 20.6673 		72 		41.803
v 20.667 		72 		41.803
v 35.264 		72 		31.686
v 51.382 		72 		32.322
v 20.665 		72 		41.799
v -23.96 		76.631 		31.429
v 49.458 		72 		28.976
v 49.948 		72 		29.352
v 50.38 		72 		29.816
v 50.741 		72 		30.339
v 51.038 		72 		30.932
v 51.255 		72 		31.604
v 35.55 		72 		31.745
v -25.056 		72 		28.431
v 47.256 		72 		31.511
v -14.22 		76.631 		31.474
v -23.761 		76.631 		31.434
v 47.38 		72 		31.597
v 35.8 		72 		31.836
v 47.482 		72 		31.694
v 21.4759 		72 		41.803
v 21.543 		72 		41.66
v 47.571 		72 		31.81
v -23.584 		76.631 		31.449
v -14.052 		76.631 		31.396
v 21.491 		72 		41.803
v 36.03 		72 		31.967
v 47.65 		72 		31.943
v 36.935 		76.631 		38.196
v 5.664 		76.631 		28.208
v 36.231 		72 		32.125
v 6.285 		76.631 		28.305
v 47.713 		72 		32.09
v -13.838 		76.631 		31.342
v -25.056 		72 		31.429
v 36.402 		72 		32.308
v 6.85 		76.631 		28.467
v 47.759 		72 		32.248
v 36.935 		76.631 		38.756
v 47.788 		72 		32.424
v 7.355 		76.631 		28.664
v 36.549 		72 		32.521
v 21.331 		72 		42.112
v -28.607 		72 		28.541
v -27.904 		72 		28.846
v -13.564 		76.631 		31.322
v -27.265 		72 		29.234
v 47.799 		72 		32.631
v -26.682 		72 		29.715
v -26.179 		72 		30.285
v -25.759 		72 		30.934
v -25.425 		72 		31.654
v -25.17 		72 		32.445
v 36.928 		76.631 		39.165
v 4.172 		76.631 		28.233
v -32.449 		72 		32.452
v 36.565 		72 		28.769
v 20.479 		76.631 		43.189
v 20.479 		72 		43.189
v -13.308 		76.631 		31.335
v 4.996 		76.631 		28.176
v 20.149 		76.631 		43.448
v 20.149 		72 		43.448
v 45.179 		72 		32.52
v 36.91 		76.631 		39.541
v 32.893 		72 		28.48
v 19.8 		76.631 		43.659
v 19.8 		72 		43.659
v 45.242 		72 		32.257
v -13.081 		76.631 		31.375
v -23.427 		76.631 		31.472
v 19.435 		76.631 		43.828
v 33.39 		72 		28.312
v 19.435 		72 		43.828
v 36.882 		76.631 		39.865
v 45.32 		72 		32.04
v -32.304 		72 		32.173
v 33.916 		72 		28.209
v -23.3 		76.631 		31.502
v -32.143 		72 		31.948
v -12.889 		76.631 		31.435
v 34.453 		72 		28.176
v 45.418 		72 		31.846
v -31.954 		72 		31.755
v 34.951 		72 		28.2
v 19.059 		76.631 		43.952
v -23.21 		76.631 		31.537
v 19.059 		72 		43.952
v 45.521 		72 		31.692
v -31.738 		72 		31.594
v -12.732 		76.631 		31.511
v 18.684 		76.631 		44.037
v 18.684 		72 		44.037
v 45.634 		72 		31.573
v -31.507 		72 		31.477
v 35.411 		72 		28.274
v 18.298 		76.631 		44.087
v 18.298 		72 		44.087
v -31.23 		72 		31.404
v 35.818 		72 		28.399
v -23.178 		76.631 		31.555
v 17.904 		76.631 		44.103
v 17.904 		72 		44.103
v 45.767 		72 		31.474
v -12.607 		76.631 		31.597
v -30.895 		72 		31.378
v 36.198 		72 		28.558
v -30.182 		72 		31.452
v 17.523 		76.631 		44.089
v 17.523 		72 		44.089
v 45.935 		72 		31.396
v 17.154 		76.631 		44.047
v 17.154 		72 		44.047
v 46.15 		72 		31.342
v -12.506 		76.631 		31.694
v 32.416 		76.631 		43.175
v -23.174 		76.631 		31.559
v 32.416 		72 		43.175
v -29.642 		72 		31.654
v 46.424 		72 		31.322
v 32.044 		76.631 		42.837
v 32.044 		72 		42.837
v 16.8 		76.631 		43.975
v 16.8 		72 		43.975
v 46.68 		72 		31.335
v -29.249 		72 		31.953
v 31.708 		76.631 		42.416
v -12.416 		76.631 		31.81
v 31.708 		72 		42.416
v 16.452 		76.631 		43.878
v 16.452 		72 		43.878
v 46.907 		72 		31.375
v 31.452 		76.631 		41.899
v 31.452 		72 		41.899
v -23.148 		76.631 		31.597
v 31.303 		76.631 		41.325
v 40.556 		76.631 		38.804
v 47.098 		72 		31.435
v 31.303 		72 		41.325
v -12.338 		76.631 		31.943
v 40.526 		76.631 		39.63
v -28.984 		72 		32.339
v -23.107 		76.631 		31.681
v 40.432 		76.631 		40.412
v -23.073 		76.631 		31.781
v 48.927 		72 		28.681
v -30.991 		72 		28.177
v -30.159 		72 		28.216
v -29.367 		72 		28.336
v 46.434 		72 		28.177
v -23.05 		76.631 		31.917
v 47.106 		72 		28.208
v 47.75 		72 		28.303
v 48.36 		72 		28.463
v -14.808 		76.631 		32.52
v 28.192 		76.631 		41.402
v 28.192 		72 		41.402
v 45.322 		72 		28.267
v 45.864 		72 		28.199
v 27.911 		76.631 		42.036
v 27.911 		72 		42.036
v -32.38 		72 		28.302
v -31.707 		72 		28.207
v -14.746 		76.631 		32.257
v 27.562 		76.631 		42.596
v 27.562 		72 		42.596
v 27.15 		76.631 		43.072
v -23.037 		76.631 		32.167
v 27.15 		72 		43.072
v 26.681 		76.631 		43.458
v 26.681 		72 		43.458
v 42.229 		72 		32.677
v 42.159 		72 		32.252
v 18.495 		76.631 		38.958
v 42.138 		72 		31.804
v 42.174 		72 		31.23
v 42.291 		72 		30.674
v 42.488 		72 		30.168
v 42.752 		72 		29.712
v -35.712 		72 		43.883
v 43.079 		72 		29.314
v 43.465 		72 		28.972
v 43.895 		72 		28.711
v -35.755 		72 		43.065
v -35.726 		72 		42.299
v 26.164 		76.631 		43.75
v -35.638 		72 		41.58
v 26.164 		72 		43.75
v 36.099 		76.631 		40.867
v 25.613 		76.631 		43.95
v 25.613 		72 		43.95
v 18.441 		76.631 		39.324
v 25.034 		76.631 		44.066
v 25.034 		72 		44.066
v -14.668 		76.631 		32.04
v 41.06 		72 		31.429
v 36.837 		76.631 		40.126
v 18.37 		76.631 		39.619
v 41.921 		72 		31.429
v -25.056 		76.631 		28.431
v -14.569 		76.631 		31.846
v 44.818 		72 		28.38
v 36.778 		76.631 		40.335
v 44.35 		72 		28.515
v -33.047 		72 		47.966
v -33.628 		72 		47.605
v -34.145 		72 		47.166
v -14.466 		76.631 		31.692
v -34.612 		72 		46.66
v -35.014 		72 		46.068
v 18.285 		76.631 		39.857
v -35.343 		72 		45.397
v 24.436 		76.631 		44.104
v 41.921 		72 		28.431
v -35.576 		72 		44.665
v -28.607 		76.631 		28.541
v 24.055 		76.631 		44.089
v -35.937 		72 		33.388
v -34.289 		72 		35.29
v -14.353 		76.631 		31.573
v -34.87 		72 		35.046
v 36.718 		76.631 		40.482
v -35.365 		72 		34.615
v -35.726 		72 		34.044
v 18.189 		76.631 		40.048
v -27.904 		76.631 		28.846
v -32.816 		72 		33.978
v 18.088 		76.631 		40.195
v 24.436 		72 		44.104
v -27.265 		76.631 		29.234
v -32.922 		72 		35.441
v 17.982 		76.631 		40.299
v 24.055 		72 		44.089
v -35.487 		72 		40.904
v 17.84 		76.631 		40.391
v -35.271 		72 		40.255
v -34.987 		72 		39.645
v -16.092 		76.631 		28.711
v 31.255 		76.631 		40.71
v -34.638 		72 		39.078
v 31.255 		72 		40.71
v -34.223 		72 		38.563
v -33.763 		72 		38.098
v 36.647 		76.631 		40.596
v -33.255 		72 		37.674
v 31.329 		76.631 		39.939
v 31.329 		72 		39.939
v 3.658 		76.631 		32.558
v 31.594 		76.631 		39.224
v 31.594 		72 		39.224
v -26.682 		76.631 		29.715
v 32.06 		76.631 		38.675
v 17.655 		76.631 		40.47
v 32.06 		72 		38.675
v 3.849 		76.631 		32.3
v -25.056 		76.631 		31.429
v -34.117 		72 		28.968
v -33.588 		72 		28.685
v 32.623 		76.631 		38.368
v 32.623 		72 		38.368
v -33.009 		72 		28.463
v -12.881 		76.631 		28.208
v 17.427 		76.631 		40.522
v -26.179 		76.631 		30.285
v 36.56 		76.631 		40.691
v -15.638 		76.631 		28.515
v -25.759 		76.631 		30.934
v 17.15 		76.631 		40.541
v 4.057 		76.631 		32.102
v -15.169 		76.631 		28.38
v -36 		72 		32.703
v -35.963 		72 		32.033
v -35.851 		72 		31.408
v -35.659 		72 		30.804
v 31.904 		76.631 		36.928
v -35.375 		72 		30.246
v 31.904 		72 		36.928
v -35.024 		72 		29.755
v -34.601 		72 		29.321
v -25.425 		76.631 		31.654
v -14.665 		76.631 		28.267
v 16.842 		76.631 		40.514
v -25.17 		76.631 		32.445
v -20.389 		76.631 		49.246
v 0.338 		76.631 		31.059
v 0.798 		76.631 		30.311
v 36.468 		76.631 		40.761
v 1.333 		76.631 		29.662
v 1.95 		76.631 		29.122
v -20.62 		76.631 		49.343
v 28.689 		76.631 		38.223
v 16.604 		76.631 		40.443
v 28.689 		72 		38.223
v 2.638 		76.631 		28.703
v 3.382 		76.631 		28.407
v -20.834 		76.631 		49.417
v 36.329 		76.631 		40.819
v -21.078 		76.631 		49.466
v 16.402 		76.631 		40.328
v 25.068 		76.631 		38.062
v -21.325 		76.631 		49.481
v 25.068 		72 		38.062
v -21.578 		76.631 		49.466
v 25.055 		76.631 		38.539
v 25.055 		72 		38.539
v -21.828 		76.631 		49.418
v -22.045 		76.631 		49.344
v 25.021 		76.631 		38.958
v -22.277 		76.631 		49.246
v 25.021 		72 		38.958
v 35.792 		76.631 		40.886
v 18.542 		76.631 		38.062
v 24.966 		76.631 		39.324
v 24.966 		72 		39.324
v 18.53 		76.631 		38.539
v -0.903 		76.631 		43.867
v 35.495 		76.631 		40.869
v 24.895 		76.631 		39.619
v -3.665 		76.631 		43.867
v -3.665 		76.631 		46.963
v 24.895 		72 		39.619
v -6.105 		76.631 		46.963
v -14.123 		76.631 		28.199
v -7.016 		76.631 		43.931
v 24.811 		76.631 		39.857
v 24.811 		72 		39.857
v -19.742 		76.631 		45.267
v 35.28 		76.631 		40.825
v -13.554 		76.631 		28.177
v -19.585 		76.631 		45.554
v 24.715 		76.631 		40.048
v -6.858 		76.631 		44.16
v 24.715 		72 		40.048
v 24.613 		76.631 		40.195
v 35.135 		76.631 		40.766
v 18.495 		72 		38.958
v -6.711 		76.631 		44.435
v 24.613 		72 		40.195
v -19.472 		76.631 		45.85
v -32.449 		76.631 		32.452
v 18.441 		72 		39.324
v -19.38 		76.631 		46.18
v -6.587 		76.631 		44.736
v 35.024 		76.631 		40.695
v -19.326 		76.631 		46.559
v -14.22 		72 		31.474
v 18.37 		72 		39.619
v -32.304 		76.631 		32.173
v 28.66 		76.631 		39.103
v 28.66 		72 		39.103
v 18.285 		72 		39.857
v 28.568 		76.631 		39.937
v -14.052 		72 		31.396
v 28.568 		72 		39.937
v 34.945 		76.631 		40.62
v 18.189 		72 		40.048
v 28.411 		76.631 		40.7
v 28.411 		72 		40.7
v -19.309 		76.631 		46.95
v -13.838 		72 		31.342
v -32.143 		76.631 		31.948
v -6.475 		76.631 		45.121
v 18.088 		72 		40.195
v -19.326 		76.631 		47.332
v -13.564 		72 		31.322
v 34.887 		76.631 		40.538
v 17.982 		72 		40.299
v -19.379 		76.631 		47.704
v -13.308 		72 		31.335
v -31.954 		76.631 		31.755
v -19.47 		76.631 		48.043
v 17.84 		72 		40.391
v -6.361 		76.631 		45.611
v -13.081 		72 		31.375
v 34.827 		76.631 		40.413
v -19.585 		76.631 		48.343
v 17.655 		72 		40.47
v -12.889 		72 		31.435
v -19.742 		76.631 		48.631
v 31.048 		76.631 		35.944
v 31.048 		72 		35.944
v -12.732 		72 		31.511
v 17.427 		72 		40.522
v -31.738 		76.631 		31.594
v 30.534 		76.631 		34.654
v 30.534 		72 		34.654
v -19.928 		76.631 		48.87
v 17.15 		72 		40.541
v -12.607 		72 		31.597
v -20.136 		76.631 		49.077
v 30.376 		76.631 		33.191
v 30.376 		72 		33.191
v 16.842 		72 		40.514
v -12.506 		72 		31.694
v -31.507 		76.631 		31.477
v 16.604 		72 		40.443
v -7.901 		76.631 		43.447
v 16.402 		72 		40.328
v -12.416 		72 		31.81
v -7.709 		76.631 		43.489
v -12.338 		72 		31.943
v -31.23 		76.631 		31.404
v 18.542 		72 		38.062
v -7.502 		76.631 		43.56
v -14.808 		72 		32.52
v 18.53 		72 		38.539
v -23.328 		76.631 		46.574
v -23.284 		76.631 		46.213
v -30.895 		76.631 		31.378
v -7.32 		76.631 		43.652
v -14.746 		72 		32.257
v -23.202 		76.631 		45.869
v -14.668 		72 		32.04
v -7.164 		76.631 		43.772
v -23.082 		76.631 		45.554
v -30.182 		76.631 		31.452
v 24.507 		76.631 		40.299
v -22.924 		76.631 		45.267
v -14.569 		72 		31.846
v -14.466 		72 		31.692
v 24.366 		76.631 		40.391
v -29.642 		76.631 		31.654
v -14.353 		72 		31.573
v -22.53 		76.631 		49.077
v -22.739 		76.631 		48.87
v -29.249 		76.631 		31.953
v -8.879 		76.631 		43.372
v 17.307 		76.631 		31.429
v 17.307 		72 		31.429
v 24.18 		76.631 		40.47
v -22.924 		76.631 		48.631
v -16.092 		72 		28.711
v 16.439 		76.631 		31.429
v 16.439 		72 		31.429
v -23.082 		76.631 		48.343
v -23.203 		76.631 		48.024
v -28.984 		76.631 		32.339
v -12.881 		72 		28.208
v -15.638 		72 		28.515
v -9.037 		76.631 		41.268
v -23.285 		76.631 		47.672
v 17.307 		76.631 		28.431
v -15.169 		72 		28.38
v -9.14 		76.631 		41.728
v -23.328 		76.631 		47.317
v 17.307 		72 		28.431
v -9.305 		76.631 		42.156
v -23.342 		76.631 		46.95
v -14.665 		72 		28.267
v -14.123 		72 		28.199
v -9.533 		76.631 		42.566
v -9.824 		76.631 		42.931
v -30.159 		76.631 		28.216
v -13.554 		72 		28.177
v -29.367 		76.631 		28.336
v 18.542 		76.631 		28.431
v 18.542 		72 		28.431
v -10.161 		76.631 		43.238
v -10.534 		76.631 		43.489
v 24.507 		72 		40.299
v -16.697 		76.631 		42.557
v -32.38 		76.631 		28.302
v 15.028 		76.631 		43.867
v 15.028 		72 		43.867
v -16.697 		72 		42.557
v -10.939 		76.631 		43.693
v 24.366 		72 		40.391
v -31.707 		76.631 		28.207
v 10.211 		76.631 		43.867
v 10.211 		72 		43.867
v -17.046 		76.631 		42.077
v -17.046 		72 		42.077
v 24.18 		72 		40.47
v -30.991 		76.631 		28.177
v -17.339 		76.631 		41.522
v -17.339 		72 		41.522
v -19.432 		76.631 		43.867
v -20.374 		76.631 		44.643
v 16.097 		76.631 		43.729
v 16.097 		72 		43.729
v -20.111 		76.631 		44.831
v -17.543 		76.631 		40.892
v -17.543 		72 		40.892
v -19.916 		76.631 		45.043
v -0.096 		76.631 		40.335
v -17.66 		76.631 		40.234
v -17.66 		72 		40.234
v -0.543 		76.631 		38.354
v -17.697 		76.631 		39.553
v -17.697 		72 		39.553
v -0.686 		76.631 		36.048
v -17.673 		76.631 		38.928
v -17.673 		72 		38.928
v -0.647 		76.631 		34.901
v 15.764 		76.631 		43.54
v 15.764 		72 		43.54
v 30.409 		76.631 		32.394
v -17.598 		76.631 		38.345
v -17.598 		72 		38.345
v -0.531 		76.631 		33.836
v -17.467 		76.631 		37.798
v -17.467 		72 		37.798
v -0.332 		76.631 		32.832
v -17.276 		76.631 		37.288
v -17.276 		72 		37.288
v -22.751 		76.631 		45.043
v 15.424 		76.631 		43.31
v 15.424 		72 		43.31
v 28.689 		76.631 		32.269
v -22.555 		76.631 		44.831
v 15.1416 		72 		43.0529
v 15.1416 		76.631 		43.0529
v -22.293 		76.631 		44.643
v 15.089 		76.631 		43.005
v -22.028 		76.631 		44.528
v 28.699 		76.631 		31.981
v -21.793 		76.631 		44.464
v -3.665 		76.631 		40.471
v -0.903 		76.631 		40.471
v -16.596 		76.631 		34.298
v -16.596 		72 		34.298
v 30.409 		72 		32.394
v -21.561 		76.631 		44.428
v -16.854 		76.631 		34.139
v -16.854 		72 		34.139
v 28.689 		72 		32.269
v 28.724 		76.631 		31.788
v -21.325 		76.631 		44.417
v 15.089 		72 		43.005
v -17.093 		76.631 		33.931
v -17.093 		72 		33.931
v 28.699 		72 		31.981
v -21.096 		76.631 		44.428
v 14.782 		76.631 		42.65
v 28.724 		72 		31.788
v -17.307 		76.631 		33.676
v -17.307 		72 		33.676
v -20.869 		76.631 		44.465
v 14.782 		72 		42.65
v -17.487 		76.631 		33.383
v -17.487 		72 		33.383
v -20.637 		76.631 		44.529
v -17.638 		76.631 		33.055
v -17.638 		72 		33.055
v 14.502 		76.631 		42.246
v 30.506 		72 		31.684
v 30.673 		72 		31.032
v 30.506 		76.631 		31.684
v -3.665 		76.631 		32.935
v 14.502 		72 		42.246
v 28.754 		72 		31.671
v 30.673 		76.631 		31.032
v 14.2462 		72 		41.803
v 14.246 		72 		41.803
v 14.246 		76.631 		41.803
v 28.782 		72 		31.605
v 14.2462 		76.631 		41.803
v 28.811 		72 		31.558
v -7.271 		76.631 		40.471
v 14.241 		76.631 		41.794
v -7.271 		76.631 		33.028
v 14.241 		72 		41.794
v 28.824 		72 		31.543
v -17.028 		76.631 		36.816
v -17.028 		72 		36.816
v 28.847 		72 		31.527
v -16.733 		76.631 		36.397
v -16.733 		72 		36.397
v 30.373 		76.631 		31.429
v 28.912 		72 		31.495
v -16.404 		76.631 		36.019
v -16.404 		72 		36.019
v 28.997 		72 		31.468
v 28.754 		76.631 		31.671
v 29.129 		72 		31.449
v 29.306 		72 		31.434
v -9.7 		76.631 		38.936
v 28.782 		76.631 		31.605
v 29.505 		72 		31.429
v 15.316 		76.631 		41.803
v -17.413 		76.631 		31.429
v 30.373 		72 		31.429
v -33.047 		76.631 		47.966
v 15.316 		72 		41.803
v -17.758 		76.631 		32.677
v 30.904 		72 		30.431
v -33.628 		76.631 		47.605
v 31.197 		72 		29.888
v 28.811 		76.631 		31.558
v 31.556 		72 		29.402
v 31.971 		72 		29.007
v 32.422 		72 		28.698
v -9.309 		76.631 		39.465
v 34.772 		76.631 		40.247
v -34.145 		76.631 		47.166
v -17.828 		76.631 		32.252
v -34.612 		76.631 		46.66
v -17.849 		76.631 		31.804
v -25.605 		76.631 		45.348
v -8.879 		76.631 		40.471
v 28.824 		76.631 		31.543
v -17.8255 		76.631 		31.429
v 9.032 		76.631 		41.576
v 34.732 		76.631 		40.057
v -35.014 		76.631 		46.068
v 9.032 		72 		41.576
v -25.743 		76.631 		45.878
v 30.373 		72 		28.431
v -17.8255 		73.728 		31.429
v 8.604 		76.631 		42.24
v -25.958 		76.631 		46.362
v 8.604 		72 		42.24
v 25.068 		72 		28.431
v 28.847 		76.631 		31.527
v -35.343 		76.631 		45.397
v 34.707 		76.631 		39.797
v -26.229 		76.631 		46.805
v -9.073 		76.631 		40.101
v -35.576 		76.631 		44.665
v -26.566 		76.631 		47.208
v 8.113 		76.631 		42.808
v 28.912 		76.631 		31.495
v -35.712 		76.631 		43.883
v 34.689 		76.631 		39.481
v 8.113 		72 		42.808
v -26.962 		76.631 		47.566
v -9.002 		76.631 		40.773
v 7.552 		76.631 		43.277
v 7.552 		72 		43.277
v 50.95 		76.631 		41.268
v -35.755 		76.631 		43.065
v -27.416 		76.631 		47.872
v 6.934 		76.631 		43.636
v 6.934 		72 		43.636
v 28.997 		76.631 		31.468
v -35.726 		76.631 		42.299
v 50.848 		76.631 		41.728
v 6.259 		76.631 		43.898
v -27.909 		76.631 		48.123
v 6.259 		72 		43.898
v -35.638 		76.631 		41.58
v -28.445 		76.631 		48.326
v 5.543 		76.631 		44.054
v -17.813 		76.631 		31.23
v 50.682 		76.631 		42.156
v 5.543 		72 		44.054
v 29.129 		76.631 		31.449
v 33.216 		76.631 		38.216
v 50.454 		76.631 		42.566
v 4.765 		76.631 		44.106
v 4.765 		72 		44.106
v -10.755 		76.631 		38.372
v 3.192 		76.631 		43.88
v 50.163 		76.631 		42.931
v 3.192 		72 		43.88
v 34.649 		76.631 		38.133
v -10.196 		76.631 		38.571
v 29.306 		76.631 		31.434
v 49.826 		76.631 		43.238
v 1.807 		76.631 		43.162
v 1.807 		72 		43.162
v -18.895 		76.631 		31.449
v 49.453 		76.631 		43.489
v 0.688 		76.631 		41.956
v 0.688 		72 		41.956
v 29.505 		76.631 		31.429
v -18.711 		76.631 		31.434
v -10.213 		76.631 		36.955
v 35.939 		76.631 		38.144
v -10.627 		76.631 		37.28
v 34.385 		76.631 		37.987
v -18.509 		76.631 		31.429
v -29.03 		76.631 		48.476
v 33.032 		76.631 		37.594
v -34.289 		76.631 		35.29
v 49.232 		76.631 		38.372
v -34.87 		76.631 		35.046
v -29.658 		76.631 		48.565
v 16.225 		72 		40.181
v 16.225 		76.631 		40.181
v 49.791 		76.631 		38.571
v -30.328 		76.631 		48.594
v -35.365 		76.631 		34.615
v 50.287 		76.631 		38.936
v -17.413 		76.631 		30.0195
v -31.05 		76.631 		48.556
v -17.235 		76.631 		29.712
v 16.078 		76.631 		40.006
v -35.726 		76.631 		34.044
v -17.413 		73.728 		30.0195
v 16.078 		72 		40.006
v 50.678 		76.631 		39.465
v -16.908 		76.631 		29.314
v -31.747 		76.631 		48.44
v -35.937 		76.631 		33.388
v 50.914 		76.631 		40.101
v -16.522 		76.631 		28.972
v 15.945 		76.631 		39.778
v 15.945 		72 		39.778
v -32.415 		76.631 		48.244
v 50.985 		76.631 		40.773
v 15.819 		76.631 		39.493
v 15.819 		72 		39.493
v -35.487 		76.631 		40.904
v 15.717 		76.631 		39.167
v 15.717 		72 		39.167
v 49.775 		76.631 		36.955
v -29.464 		76.631 		45.088
v 49.36 		76.631 		37.28
v 15.635 		76.631 		38.778
v 15.635 		72 		38.778
v -35.271 		76.631 		40.255
v -32.816 		76.631 		33.978
v 15.57 		76.631 		38.344
v -17.696 		76.631 		30.674
v -29.624 		76.631 		45.21
v 15.57 		72 		38.344
v 51.422 		76.631 		33.072
v 15.53 		76.631 		37.901
v -17.499 		76.631 		30.168
v 15.53 		72 		37.901
v 51.398 		76.631 		33.688
v -29.8 		76.631 		45.295
v 51.322 		76.631 		34.264
v -8.565 		76.631 		33.072
v 15.517 		76.631 		37.427
v -8.59 		76.631 		33.688
v 15.517 		72 		37.427
v -8.665 		76.631 		34.264
v -30.032 		76.631 		45.353
v -34.987 		76.631 		39.645
v -8.795 		76.631 		34.805
v -32.922 		76.631 		35.441
v -8.98 		76.631 		35.308
v 51.192 		76.631 		34.805
v -9.215 		76.631 		35.776
v -30.33 		76.631 		45.376
v 51.008 		76.631 		35.308
v -9.503 		76.631 		36.214
v -9.839 		76.631 		36.602
v 50.772 		76.631 		35.776
v 11.911 		76.631 		40.08
v 50.484 		76.631 		36.214
v 50.148 		76.631 		36.602
v 11.9 		76.631 		40.339
v -30.619 		76.631 		45.359
v 11.876 		76.631 		40.489
v -0.039 		76.631 		31.901
v -17.413 		76.631 		28.431
v -30.874 		76.631 		45.311
v 11.842 		76.631 		40.598
v -34.638 		76.631 		39.078
v -34.223 		76.631 		38.563
v 47.247 		76.631 		41.015
v -31.095 		76.631 		45.234
v 11.806 		76.631 		40.682
v -33.763 		76.631 		38.098
v -17.413 		72 		31.429
v -0.78 		76.631 		31.619
v -33.255 		76.631 		37.674
v -17.758 		72 		32.677
v 46.913 		76.631 		41.066
v -31.291 		76.631 		45.133
v -2.828 		76.631 		31.376
v -17.828 		72 		32.252
v -3.111 		76.631 		31.417
v 11.787 		76.631 		40.713
v -17.849 		72 		31.804
v 46.706 		76.631 		41.055
v -17.8255 		72 		31.429
v 30.904 		76.631 		30.431
v 11.772 		76.631 		40.728
v 46.512 		76.631 		41.022
v -36 		76.631 		32.703
v 31.197 		76.631 		29.888
v -35.963 		76.631 		32.033
v 11.738 		76.631 		40.753
v -1.879 		76.631 		31.478
v -35.851 		76.631 		31.408
v 46.379 		76.631 		40.979
v 31.556 		76.631 		29.402
v -2.65 		76.631 		31.379
v -35.659 		76.631 		30.804
v 31.971 		76.631 		29.007
v 11.673 		76.631 		40.785
v -35.375 		76.631 		30.246
v -35.024 		76.631 		29.755
v -2.443 		76.631 		31.389
v 32.422 		76.631 		28.698
v -34.601 		76.631 		29.321
v -17.813 		72 		31.23
v 11.587 		76.631 		40.812
v -34.117 		76.631 		28.968
v -2.266 		76.631 		31.405
v -33.588 		76.631 		28.685
v 49.049 		76.631 		43.693
v -18.895 		72 		31.449
v -33.009 		76.631 		28.463
v 11.456 		76.631 		40.831
v 48.617 		76.631 		43.853
v -18.711 		72 		31.434
v -2.087 		76.631 		31.438
v 48.144 		76.631 		43.982
v -18.509 		72 		31.429
v 47.628 		76.631 		44.06
v 36.866 		76.631 		33.395
v 11.279 		76.631 		40.846
v -17.235 		72 		29.712
v -17.413 		72 		30.0195
v 47.084 		76.631 		44.085
v 30.373 		76.631 		28.431
v -16.908 		72 		29.314
v 46.433 		76.631 		44.056
v -16.522 		72 		28.972
v 36.916 		76.631 		33.758
v 45.815 		76.631 		43.968
v 11.079 		76.631 		40.851
v -3.624 		76.631 		32.284
v 45.231 		76.631 		43.817
v 36.935 		76.631 		34.191
v -49.003 		79.003 		20
v -3.528 		76.631 		31.871
v 36.953 		76.631 		35.199
v -17.696 		72 		30.674
v 10.211 		76.631 		40.851
v -17.499 		72 		30.168
v -3.41 		76.631 		31.636
v -17.413 		72 		28.431
v 44.683 		76.631 		43.603
v 9.844 		76.631 		39.076
v -49.003 		79.003 		3.998
v -3.28 		76.631 		31.503
v 44.175 		76.631 		43.325
v 9.652 		76.631 		39.984
v 43.703 		76.631 		42.977
v 9.382 		76.631 		40.82
v 43.291 		76.631 		42.557
v 35.925 		76.631 		35.101
v 36.45 		76.631 		35.149
v 42.941 		76.631 		42.077
v -36.0497 		46 		15
v -36 		46 		14.9981
v -36 		46 		6
v -46 		46 		6
v -46 		46 		15
v -27.428 		76.631 		42.245
v 42.648 		76.631 		41.522
v -19 		-14 		15
v -19 		-24 		15
v 35.481 		76.631 		35.026
v -0.706 		76.631 		28.848
v 35.127 		76.631 		34.931
v 9.993 		76.631 		37.084
v -26.852 		76.631 		42.434
v 9.957 		76.631 		38.102
v 40.268 		76.631 		41.137
v -3.969 		76.631 		28.204
v 40.028 		76.631 		41.787
v -3.396 		76.631 		28.177
v 39.711 		76.631 		42.369
v -3.191 		76.631 		28.182
v 39.314 		76.631 		42.881
v -2.989 		76.631 		28.196
v -26.325 		76.631 		42.787
v 11.911 		72 		40.08
v 38.848 		76.631 		43.29
v -19 		-24 		6
v -19 		-14 		6
v -24.828 		76.631 		43.867
v 38.332 		76.631 		43.605
v 34.047 		76.631 		33.041
v 11.9 		72 		40.339
v -2.787 		76.631 		28.219
v 34.061 		76.631 		33.393
v 37.773 		76.631 		43.833
v -2.58 		76.631 		28.248
v 37.184 		76.631 		43.986
v 11.876 		72 		40.489
v -25.89 		76.631 		43.34
v -2.382 		76.631 		28.282
v 11.842 		72 		40.598
v -25.634 		76.631 		44.035
v -2.215 		76.631 		28.316
v -11.37 		72 		43.853
v -11.843 		72 		43.982
v -2.04 		76.631 		28.345
v -25.557 		76.631 		44.785
v 11.806 		72 		40.682
v -1.84 		76.631 		28.391
v 36.677 		76.631 		32.772
v -1.676 		76.631 		28.441
v -1.523 		76.631 		28.485
v 11.787 		72 		40.713
v -12.74 		72 		41.015
v 36.55 		76.631 		44.075
v -11 		68.561 		23.645
v 36.785 		76.631 		33.07
v -13.074 		72 		41.066
v -11 		76.631 		24.1619
v -11 		76.631 		20.998
v 11.772 		72 		40.728
v 35.873 		76.631 		44.103
v -13.282 		72 		41.055
v 35.311 		76.631 		44.086
v -11 		78.063 		20.998
v 11.738 		72 		40.753
v -11 		77.742 		16.624
v -13.475 		72 		41.022
v -11 		68 		16
v -1.354 		76.631 		28.546
v 11.673 		72 		40.785
v -13.608 		72 		40.979
v 34.772 		76.631 		44.033
v 11.587 		72 		40.812
v -28.875 		76.631 		43.48
v 34.262 		76.631 		43.945
v 11.456 		72 		40.831
v 34.848 		76.631 		34.811
v 33.762 		76.631 		43.829
v 11.279 		72 		40.846
v 33.282 		76.631 		43.665
v -12.359 		72 		44.06
v -12.903 		72 		44.085
v -13.554 		72 		44.056
v -14.172 		72 		43.968
v 11.079 		72 		40.851
v -14.756 		72 		43.817
v 32.832 		76.631 		43.449
v -28.904 		76.631 		43.797
v 34.627 		76.631 		34.675
v -15.304 		72 		43.603
v -15.812 		72 		43.325
v -16.284 		72 		42.977
v 34.472 		76.631 		34.54
v -28.948 		76.631 		44.088
v 10.211 		72 		40.851
v -12.211 		72 		39.947
v 25.068 		76.631 		28.431
v 34.35 		76.631 		34.383
v 9.844 		72 		39.076
v -29.015 		76.631 		44.339
v 9.652 		72 		39.984
v -29.103 		76.631 		44.574
v 9.382 		72 		40.82
v 34.247 		76.631 		34.197
v 47.776 		76.631 		39.947
v -29.201 		76.631 		44.77
v 69.003 		79.003 		20
v 34.166 		76.631 		33.979
v -12.109 		72 		38.246
v 47.677 		76.631 		40.436
v 9.993 		72 		37.084
v -11.068 		72 		37.575
v -11.547 		72 		37.864
v -12.068 		72 		38.151
v -29.318 		76.631 		44.936
v 9.957 		72 		38.102
v 34.102 		76.631 		33.712
v 47.544 		76.631 		40.756
v 47.415 		76.631 		40.92
v 69.003 		79.003 		3.998
v -31.45 		76.631 		45.016
v 58 		48 		6
v 58 		48 		15
v 68 		48 		15
v 68 		48 		6
v -31.589 		76.631 		44.875
v 46.278 		76.631 		40.923
v 9.993 		76.631 		34.912
v 9.993 		72 		34.912
v -31.704 		76.631 		44.721
v 46.188 		76.631 		40.852
v -31.798 		76.631 		44.546
v 46.11 		76.631 		40.767
v -31.88 		76.631 		44.326
v 9.093 		76.631 		32.961
v 9.093 		72 		32.961
v 8.898 		76.631 		33.18
v 46.05 		76.631 		40.683
v 8.898 		72 		33.18
v -31.943 		76.631 		44.08
v 46.006 		76.631 		40.594
v 4.82 		72 		40.701
v 4.82 		76.631 		40.701
v 5.079 		76.631 		40.68
v -31.982 		76.631 		43.804
v 23.688 		72 		44.047
v 23.334 		72 		43.977
v 22.966 		72 		43.883
v 45.963 		76.631 		40.467
v 22.59 		72 		43.736
v 4.311 		76.631 		40.616
v 22.241 		72 		43.548
v 4.311 		72 		40.616
v -31.996 		76.631 		43.486
v 45.929 		76.631 		40.313
v 23.953 		72 		40.522
v -31.982 		76.631 		43.101
v 45.906 		76.631 		40.133
v 23.674 		72 		40.541
v 23.38 		72 		40.517
v 6.2671 		76.631 		38.2945
v -7.251 		76.631 		32.289
v 6.2671 		72 		38.2945
v -7.187 		76.631 		31.596
v 6.297 		76.631 		37.9
v 23.157 		72 		40.454
v -7.075 		76.631 		30.949
v 6.257 		76.631 		38.428
v 6.257 		72 		38.428
v -6.89 		76.631 		30.339
v 22.975 		72 		40.356
v 6.297 		72 		37.9
v 22.803 		72 		40.218
v -6.635 		76.631 		29.789
v -28.817 		76.631 		42.137
v -6.31 		76.631 		29.317
v 22.658 		72 		40.055
v 49.458 		76.631 		28.976
v 22.536 		72 		39.865
v -5.925 		76.631 		28.926
v 49.948 		76.631 		29.352
v 45.898 		76.631 		39.931
v 22.424 		72 		39.618
v -5.472 		76.631 		28.626
v 50.38 		76.631 		29.816
v 22.327 		72 		39.323
v -5 		76.631 		28.433
v 50.741 		76.631 		30.339
v 22.251 		72 		38.987
v 51.038 		76.631 		30.932
v -4.512 		76.631 		28.289
v 51.255 		76.631 		31.604
v -31.943 		76.631 		42.758
v 51.382 		76.631 		32.322
v 6.189 		76.631 		38.922
v 22.195 		72 		38.609
v 6.189 		72 		38.922
v 45.907 		76.631 		39.75
v -31.886 		76.631 		42.486
v 22.16 		72 		38.201
v 6.299 		76.631 		38.295
v 22.148 		72 		37.754
v 45.929 		76.631 		39.62
v 6.299 		72 		38.295
v -31.804 		76.631 		42.264
v -10.529 		76.631 		28.976
v 22.148 		72 		32.272
v 22.16 		72 		31.993
v 47.256 		76.631 		31.511
v -10.039 		76.631 		29.352
v -31.684 		76.631 		42.038
v -9.607 		76.631 		29.816
v 22.186 		72 		31.813
v 45.96 		76.631 		39.52
v 6.107 		76.631 		39.349
v 6.107 		72 		39.349
v 22.222 		72 		31.686
v 47.38 		76.631 		31.597
v -9.246 		76.631 		30.339
v 22.257 		72 		31.605
v -31.528 		76.631 		41.817
v -8.95 		76.631 		30.932
v 46.006 		76.631 		39.423
v 22.286 		72 		31.558
v -8.732 		76.631 		31.604
v 6.005 		76.631 		39.705
v 6.005 		72 		39.705
v 22.299 		72 		31.543
v 47.482 		76.631 		31.694
v -8.606 		76.631 		32.322
v -31.321 		76.631 		41.595
v 22.321 		72 		31.527
v 46.071 		76.631 		39.327
v 5.886 		76.631 		40
v 5.886 		72 		40
v 47.571 		76.631 		31.81
v 46.176 		76.631 		39.212
v 5.758 		76.631 		40.228
v -31.049 		76.631 		41.356
v 5.758 		72 		40.228
v 47.65 		76.631 		31.943
v 46.337 		76.631 		39.071
v 5.621 		76.631 		40.398
v -30.72 		76.631 		41.112
v 23.848 		72 		28.431
v 46.55 		76.631 		38.912
v 23.688 		76.631 		44.047
v 5.473 		76.631 		40.525
v 47.713 		76.631 		32.09
v 23.334 		76.631 		43.977
v 22.966 		76.631 		43.883
v 47.759 		76.631 		32.248
v 22.59 		76.631 		43.736
v 5.302 		76.631 		40.617
v 22.241 		76.631 		43.548
v 47.788 		76.631 		32.424
v 47.799 		76.631 		32.631
v 3.952 		76.631 		40.398
v 3.077 		76.631 		38.246
v 3.152 		76.631 		38.452
v 3.643 		76.631 		40.007
v 45.179 		76.631 		32.52
v -9 		68 		6
v -9 		68 		15
v -9 		78 		15
v -9 		78 		6
v 45.242 		76.631 		32.257
v 3.366 		76.631 		39.367
v 45.32 		76.631 		32.04
v 23.953 		76.631 		40.522
v 23.674 		76.631 		40.541
v 45.418 		76.631 		31.846
v 23.38 		76.631 		40.517
v 45.521 		76.631 		31.692
v 23.157 		76.631 		40.454
v 14 		-14 		6
v 14 		-24 		6
v 45.634 		76.631 		31.573
v 8.078 		76.631 		33.804
v 22.975 		76.631 		40.356
v 45.767 		76.631 		31.474
v 3.039 		76.631 		34.9399
v 3.02 		76.631 		35.122
v 45.935 		76.631 		31.396
v 22.803 		76.631 		40.218
v 3.093 		76.631 		34.422
v 48.92 		76.631 		37.575
v 47.879 		76.631 		38.246
v 22.658 		76.631 		40.055
v 46.15 		76.631 		31.342
v 3.005 		76.631 		34.94
v 22.536 		76.631 		39.865
v 48.441 		76.631 		37.864
v 46.424 		76.631 		31.322
v 22.424 		76.631 		39.618
v 3.199 		76.631 		33.815
v 46.68 		76.631 		31.335
v 47.919 		76.631 		38.151
v 22.327 		76.631 		39.323
v 46.799 		76.631 		38.749
v 3.334 		76.631 		33.301
v 22.251 		76.631 		38.987
v 46.907 		76.631 		31.375
v 47.113 		76.631 		38.576
v 3.489 		76.631 		32.883
v 14 		-14 		15
v 14 		-24 		15
v -23.037 		76.631 		40.077
v 47.098 		76.631 		31.435
v 47.49 		76.631 		38.375
v -23.05 		76.631 		40.327
v 22.195 		76.631 		38.609
v 7.519 		76.631 		32.857
v -23.073 		76.631 		40.463
v 22.16 		76.631 		38.201
v 48.927 		76.631 		28.681
v -23.107 		76.631 		40.563
v 22.148 		76.631 		37.754
v -23.148 		76.631 		40.647
v 47.106 		76.631 		28.208
v 47.75 		76.631 		28.303
v 48.36 		76.631 		28.463
v -23.174 		76.631 		40.685
v 45.322 		76.631 		28.267
v 45.864 		76.631 		28.199
v -23.193 		76.631 		40.704
v 46.434 		76.631 		28.177
v -23.246 		76.631 		40.737
v -23.338 		76.631 		40.779
v -23.447 		76.631 		40.811
v -23.584 		76.631 		40.831
v -11.37 		76.631 		43.853
v -11.843 		76.631 		43.982
v -23.761 		76.631 		40.846
v -23.96 		76.631 		40.851
v 22.148 		76.631 		32.272
v 22.16 		76.631 		31.993
v -12.74 		76.631 		41.015
v -13.074 		76.631 		41.066
v 22.186 		76.631 		31.813
v -13.282 		76.631 		41.055
v 22.222 		76.631 		31.686
v -13.475 		76.631 		41.022
v 22.257 		76.631 		31.605
v -13.608 		76.631 		40.979
v -24.828 		76.631 		40.851
v 22.286 		76.631 		31.558
v 22.299 		76.631 		31.543
v -12.359 		76.631 		44.06
v -25.542 		76.631 		36.907
v 22.321 		76.631 		31.527
v -12.903 		76.631 		44.085
v -25.842 		76.631 		37.47
v -13.554 		76.631 		44.056
v -26.206 		76.631 		38.001
v -14.172 		76.631 		43.968
v -26.627 		76.631 		38.473
v -14.756 		76.631 		43.817
v -27.081 		76.631 		38.898
v -15.304 		76.631 		43.603
v -27.578 		76.631 		39.29
v -15.812 		76.631 		43.325
v -28.119 		76.631 		39.652
v -16.284 		76.631 		42.977
v -12.211 		76.631 		39.947
v -11.068 		76.631 		37.575
v -12.109 		76.631 		38.246
v -11.547 		76.631 		37.864
v -12.068 		76.631 		38.151
v 42.229 		76.631 		32.677
v 42.159 		76.631 		32.252
v 42.138 		76.631 		31.804
v 42.174 		76.631 		31.23
v 42.291 		76.631 		30.674
v 42.488 		76.631 		30.168
v 42.752 		76.631 		29.712
v 43.079 		76.631 		29.314
v 43.465 		76.631 		28.972
v 43.895 		76.631 		28.711
v -12.31 		76.631 		40.436
v -12.443 		76.631 		40.756
v -12.572 		76.631 		40.92
v 41.921 		76.631 		31.429
v 41.06 		76.631 		31.429
v 44.818 		76.631 		28.38
v 41.921 		76.631 		28.431
v 44.35 		76.631 		28.515
v 40.556 		76.631 		32.259
v 40.561 		76.631 		31.97
v 40.577 		76.631 		31.746
v 40.595 		76.631 		31.61
v 40.616 		76.631 		31.538
v 40.633 		76.631 		31.496
v 40.6342 		76.631 		31.4941
v 40.619 		76.631 		31.5
# 2162 vertices

g group_0_2829873

usemtl color_2829873
s 0

f 156 	157 	158
f 156 	158 	159
f 210 	211 	214
f 215 	216 	214
f 210 	214 	216
f 1767 	1768 	1769
f 1767 	1769 	1770
f 1767 	1770 	1771
f 1771 	215 	214
f 1771 	214 	1767
f 1769 	210 	216
f 1769 	216 	1770
f 1771 	1770 	216
f 1771 	216 	215
f 1768 	211 	210
f 1768 	210 	1769
f 214 	211 	1768
f 214 	1768 	1767
f 1774 	1794 	1793
f 1774 	1793 	1775
f 1889 	1890 	1891
f 1889 	1891 	1892
f 1890 	156 	159
f 1890 	159 	1891
f 1892 	158 	157
f 1892 	157 	1889
f 1890 	1889 	157
f 1890 	157 	156
f 159 	158 	1892
f 159 	1892 	1891
f 91 	125 	129
f 91 	129 	90
f 2044 	1793 	2043
f 1794 	2043 	1793
f 2030 	2031 	2032
f 2030 	2032 	2033
f 2031 	91 	2032
f 90 	2032 	91
f 2033 	129 	2030
f 125 	2030 	129
f 2074 	2044 	2043
f 1774 	2073 	2043
f 2074 	1793 	2044
f 91 	2031 	125
f 2030 	125 	2031
f 2033 	2032 	129
f 90 	129 	2032
f 2043 	2073 	2074
f 2073 	1774 	1775
f 2073 	1775 	2074
f 2043 	1794 	1774
f 1775 	1793 	2074
# 52 faces

g group_0_6383466

usemtl color_6383466
s 0

f 3 	4 	72
f 7 	8 	10
f 7 	10 	12
f 11 	6 	14
f 11 	14 	15
f 16 	2007 	1538
f 19 	495 	20
f 11 	248 	6
f 21 	11 	15
f 21 	15 	23
f 501 	504 	20
f 26 	27 	25
f 1397 	1387 	22
f 1401 	1397 	31
f 32 	7 	12
f 32 	12 	33
f 21 	233 	11
f 27 	1 	25
f 34 	1401 	31
f 36 	32 	33
f 36 	33 	37
f 38 	42 	43
f 38 	43 	39
f 40 	21 	23
f 40 	23 	44
f 42 	45 	47
f 42 	47 	43
f 8 	7 	1382
f 36 	69 	32
f 40 	222 	21
f 50 	36 	37
f 50 	37 	51
f 45 	49 	52
f 45 	52 	47
f 32 	69 	7
f 50 	69 	36
f 56 	40 	44
f 56 	44 	60
f 57 	58 	59
f 57 	59 	61
f 49 	62 	64
f 49 	64 	52
f 65 	50 	51
f 65 	51 	66
f 6 	255 	5
f 56 	207 	40
f 62 	68 	71
f 62 	71 	64
f 70 	3 	72
f 53 	1408 	34
f 170 	2 	67
f 54 	55 	67
f 63 	67 	2
f 69 	50 	65
f 73 	56 	60
f 73 	60 	74
f 68 	75 	76
f 68 	76 	71
f 1538 	1551 	16
f 77 	73 	74
f 77 	74 	81
f 63 	2 	41
f 1 	41 	2
f 27 	41 	1
f 530 	534 	53
f 70 	94 	3
f 13 	16 	1555
f 1551 	1555 	16
f 1555 	1560 	13
f 83 	84 	105
f 26 	25 	84
f 105 	84 	25
f 58 	70 	72
f 58 	72 	59
f 85 	77 	81
f 85 	81 	87
f 86 	1591 	92
f 85 	476 	77
f 88 	94 	95
f 88 	95 	89
f 97 	85 	87
f 97 	87 	100
f 435 	75 	2000
f 440 	2004 	443
f 49 	1970 	62
f 45 	1965 	49
f 1925 	1949 	42
f 38 	1925 	42
f 98 	101 	93
f 99 	101 	98
f 201 	93 	101
f 22 	31 	1397
f 78 	1408 	53
f 97 	1368 	85
f 55 	48 	67
f 104 	97 	100
f 104 	100 	106
f 170 	67 	48
f 41 	84 	63
f 83 	63 	84
f 104 	1368 	97
f 96 	629 	103
f 96 	92 	629
f 27 	26 	41
f 84 	41 	26
f 1686 	2011 	88
f 58 	226 	70
f 57 	237 	58
f 88 	3 	94
f 99 	54 	101
f 109 	104 	106
f 109 	106 	110
f 29 	46 	30
f 93 	30 	46
f 48 	93 	46
f 109 	1368 	104
f 108 	1412 	78
f 46 	29 	28
f 103 	629 	102
f 98 	55 	54
f 98 	54 	99
f 111 	114 	115
f 111 	115 	112
f 114 	117 	118
f 114 	118 	115
f 116 	1415 	108
f 55 	98 	93
f 55 	93 	48
f 1896 	1939 	126
f 631 	633 	102
f 83 	105 	121
f 120 	121 	105
f 117 	119 	122
f 117 	122 	118
f 124 	113 	365
f 73 	77 	476
f 127 	1896 	126
f 116 	545 	123
f 101 	128 	201
f 119 	130 	131
f 119 	131 	122
f 1669 	1667 	149
f 123 	1418 	116
f 127 	133 	135
f 105 	1887 	120
f 120 	1887 	132
f 1887 	1757 	128
f 552 	555 	123
f 136 	124 	365
f 633 	637 	126
f 126 	102 	633
f 63 	83 	139
f 121 	139 	83
f 133 	126 	637
f 142 	147 	1430
f 149 	162 	1669
f 120 	139 	121
f 144 	128 	101
f 54 	67 	101
f 144 	101 	67
f 132 	144 	139
f 1490 	1430 	147
f 132 	139 	120
f 124 	1650 	113
f 1670 	1669 	162
f 111 	430 	114
f 2117 	152 	2120
f 117 	485 	119
f 114 	463 	117
f 128 	144 	132
f 144 	67 	139
f 63 	139 	67
f 1633 	1670 	162
f 147 	160 	1490
f 166 	2153 	165
f 162 	149 	371
f 1493 	1490 	160
f 162 	174 	1633
f 143 	151 	476
f 167 	476 	151
f 597 	601 	160
f 174 	162 	371
f 172 	2120 	152
f 173 	1497 	160
f 1635 	1633 	174
f 183 	172 	527
f 152 	2117 	498
f 183 	2122 	172
f 180 	181 	394
f 181 	182 	394
f 398 	394 	182
f 185 	398 	182
f 186 	398 	185
f 177 	179 	391
f 14 	154 	281
f 286 	281 	154
f 165 	2153 	79
f 176 	2153 	166
f 28 	175 	171
f 671 	669 	184
f 178 	476 	167
f 15 	14 	278
f 281 	278 	14
f 187 	183 	527
f 278 	269 	15
f 187 	2124 	183
f 394 	391 	179
f 179 	180 	394
f 188 	189 	389
f 23 	15 	269
f 24 	302 	2162
f 190 	476 	178
f 200 	73 	190
f 87 	1372 	100
f 202 	2130 	196
f 106 	100 	1372
f 209 	212 	370
f 371 	370 	212
f 213 	371 	212
f 370 	368 	209
f 197 	371 	213
f 198 	387 	197
f 368 	366 	208
f 208 	209 	368
f 222 	40 	207
f 1838 	479 	9
f 196 	2126 	187
f 95 	94 	551
f 226 	551 	94
f 476 	190 	73
f 9 	479 	495
f 9 	495 	19
f 223 	220 	390
f 174 	387 	231
f 1635 	174 	231
f 227 	223 	390
f 501 	20 	495
f 270 	271 	398
f 240 	403 	244
f 233 	21 	222
f 239 	241 	258
f 238 	239 	258
f 241 	242 	258
f 242 	243 	258
f 232 	238 	258
f 243 	308 	258
f 308 	309 	258
f 237 	57 	202
f 22 	20 	504
f 221 	398 	271
f 248 	233 	278
f 246 	2054 	231
f 235 	227 	390
f 226 	237 	551
f 271 	272 	221
f 234 	240 	244
f 248 	11 	233
f 508 	31 	504
f 22 	504 	31
f 226 	58 	237
f 94 	70 	226
f 249 	240 	244
f 2065 	2060 	253
f 255 	248 	278
f 250 	245 	1372
f 250 	1372 	252
f 31 	508 	34
f 284 	291 	2153
f 291 	302 	2153
f 255 	6 	248
f 268 	249 	556
f 252 	1372 	74
f 224 	2077 	266
f 74 	60 	252
f 254 	252 	60
f 79 	2153 	302
f 24 	79 	302
f 236 	225 	275
f 275 	276 	236
f 274 	275 	225
f 247 	236 	276
f 276 	277 	247
f 251 	247 	277
f 277 	287 	251
f 273 	274 	225
f 225 	221 	273
f 272 	273 	221
f 530 	53 	34
f 259 	261 	258
f 261 	262 	258
f 262 	264 	258
f 264 	265 	258
f 265 	267 	258
f 267 	228 	258
f 228 	229 	258
f 229 	230 	258
f 230 	232 	258
f 257 	258 	309
f 282 	283 	309
f 283 	285 	309
f 256 	309 	285
f 556 	284 	268
f 60 	44 	254
f 260 	254 	44
f 78 	53 	534
f 434 	429 	294
f 294 	39 	434
f 438 	434 	39
f 293 	294 	429
f 291 	292 	295
f 2077 	2065 	266
f 44 	23 	260
f 269 	260 	23
f 73 	200 	56
f 279 	5 	255
f 207 	56 	200
f 284 	292 	291
f 543 	108 	534
f 390 	220 	297
f 302 	291 	575
f 711 	710 	296
f 301 	718 	300
f 710 	705 	306
f 300 	713 	299
f 299 	711 	298
f 298 	711 	296
f 78 	534 	108
f 107 	307 	317
f 107 	317 	113
f 134 	143 	476
f 280 	282 	309
f 256 	257 	309
f 309 	310 	311
f 309 	311 	312
f 309 	312 	313
f 309 	313 	315
f 309 	315 	318
f 309 	318 	320
f 309 	320 	322
f 309 	322 	323
f 309 	323 	324
f 309 	324 	325
f 309 	325 	331
f 329 	309 	328
f 280 	309 	329
f 327 	328 	309
f 334 	309 	333
f 332 	333 	309
f 335 	309 	334
f 336 	309 	335
f 337 	309 	336
f 338 	309 	337
f 339 	309 	338
f 340 	309 	339
f 327 	309 	340
f 331 	332 	309
f 343 	356 	342
f 344 	357 	343
f 345 	357 	344
f 359 	358 	350
f 347 	348 	433
f 437 	349 	444
f 342 	444 	341
f 437 	433 	348
f 348 	349 	437
f 341 	444 	349
f 352 	353 	361
f 362 	361 	353
f 1131 	364 	355
f 354 	355 	363
f 444 	342 	356
f 358 	357 	345
f 356 	343 	357
f 345 	350 	358
f 350 	351 	359
f 360 	359 	351
f 361 	360 	352
f 351 	352 	360
f 319 	321 	493
f 146 	493 	321
f 326 	146 	321
f 1903 	146 	326
f 113 	317 	365
f 108 	543 	545
f 108 	545 	116
f 365 	366 	136
f 575 	295 	302
f 292 	302 	295
f 552 	123 	545
f 368 	145 	366
f 136 	366 	145
f 353 	354 	362
f 363 	355 	364
f 284 	295 	292
f 137 	123 	555
f 81 	74 	1372
f 87 	81 	1372
f 245 	235 	1372
f 145 	368 	370
f 145 	370 	149
f 560 	142 	555
f 137 	555 	142
f 390 	1372 	235
f 302 	292 	764
f 372 	764 	292
f 149 	370 	371
f 142 	560 	147
f 379 	380 	739
f 378 	379 	739
f 743 	739 	380
f 380 	382 	743
f 746 	743 	382
f 1044 	746 	382
f 386 	314 	483
f 384 	385 	480
f 488 	483 	314
f 480 	478 	384
f 597 	160 	147
f 371 	387 	174
f 292 	295 	372
f 173 	160 	601
f 413 	231 	387
f 217 	810 	731
f 654 	396 	192
f 605 	184 	601
f 173 	601 	184
f 372 	244 	240
f 192 	396 	400
f 192 	400 	199
f 195 	188 	389
f 391 	389 	189
f 189 	191 	391
f 402 	1902 	1903
f 605 	404 	184
f 408 	419 	407
f 409 	419 	408
f 406 	407 	412
f 428 	423 	410
f 419 	409 	423
f 410 	423 	409
f 457 	224 	411
f 191 	177 	391
f 186 	270 	398
f 404 	415 	673
f 249 	2153 	240
f 839 	397 	392
f 388 	826 	392
f 367 	826 	388
f 231 	413 	420
f 231 	420 	246
f 415 	424 	799
f 421 	253 	420
f 246 	420 	253
f 412 	407 	419
f 425 	266 	421
f 253 	421 	266
f 287 	288 	414
f 414 	251 	287
f 266 	425 	411
f 266 	411 	224
f 137 	1424 	123
f 744 	799 	424
f 393 	541 	395
f 288 	289 	418
f 418 	414 	288
f 75 	435 	611
f 435 	440 	611
f 541 	519 	395
f 410 	346 	428
f 422 	418 	289
f 303 	134 	476
f 417 	395 	519
f 346 	347 	428
f 433 	428 	347
f 289 	290 	422
f 514 	515 	441
f 513 	514 	436
f 1430 	1427 	142
f 446 	451 	384
f 448 	452 	636
f 449 	454 	2160
f 451 	453 	384
f 401 	430 	1209
f 111 	1209 	430
f 429 	427 	293
f 39 	43 	445
f 445 	438 	39
f 290 	293 	427
f 427 	422 	290
f 639 	636 	457
f 452 	457 	636
f 1131 	1132 	364
f 460 	462 	454
f 2160 	454 	462
f 463 	430 	603
f 456 	364 	1132
f 462 	460 	467
f 1132 	1133 	456
f 458 	821 	367
f 446 	804 	451
f 432 	795 	446
f 474 	463 	603
f 475 	462 	460
f 448 	2013 	452
f 457 	452 	2067
f 62 	1981 	68
f 68 	1990 	75
f 1990 	2000 	75
f 516 	517 	447
f 459 	456 	1133
f 463 	114 	430
f 461 	47 	465
f 450 	447 	517
f 1133 	1135 	459
f 465 	52 	468
f 192 	481 	654
f 1136 	1138 	469
f 471 	468 	64
f 64 	71 	471
f 472 	1138 	482
f 467 	490 	166
f 474 	117 	463
f 485 	117 	474
f 489 	486 	1106
f 482 	1141 	486
f 385 	386 	480
f 483 	480 	386
f 481 	491 	654
f 477 	471 	71
f 497 	79 	496
f 24 	496 	79
f 498 	485 	617
f 484 	477 	76
f 76 	611 	484
f 1111 	1113 	507
f 1106 	1110 	489
f 79 	497 	462
f 460 	462 	497
f 314 	316 	488
f 316 	319 	488
f 493 	488 	319
f 24 	475 	496
f 405 	406 	412
f 503 	405 	412
f 194 	195 	389
f 509 	193 	389
f 194 	389 	193
f 478 	473 	383
f 383 	384 	478
f 381 	383 	473
f 517 	506 	450
f 447 	442 	516
f 485 	498 	119
f 130 	119 	498
f 512 	176 	490
f 166 	490 	176
f 617 	518 	498
f 516 	442 	515
f 473 	450 	506
f 506 	381 	473
f 442 	441 	515
f 441 	436 	514
f 494 	489 	1110
f 1110 	1111 	494
f 518 	521 	152
f 172 	152 	521
f 508 	525 	34
f 134 	303 	220
f 527 	172 	521
f 507 	494 	1111
f 523 	547 	526
f 141 	546 	523
f 34 	525 	530
f 624 	627 	487
f 611 	624 	487
f 220 	223 	134
f 143 	134 	223
f 527 	532 	187
f 511 	507 	1113
f 1113 	1160 	511
f 151 	143 	223
f 151 	223 	227
f 535 	196 	532
f 187 	532 	196
f 499 	492 	628
f 627 	628 	492
f 492 	487 	627
f 18 	17 	411
f 234 	539 	531
f 234 	531 	217
f 520 	511 	1160
f 227 	235 	151
f 167 	151 	235
f 196 	535 	542
f 196 	542 	202
f 178 	167 	235
f 178 	235 	245
f 542 	557 	202
f 244 	544 	539
f 244 	539 	234
f 245 	250 	178
f 190 	178 	250
f 436 	417 	513
f 548 	549 	529
f 526 	548 	529
f 519 	513 	417
f 140 	138 	646
f 547 	523 	546
f 548 	526 	547
f 529 	549 	393
f 550 	393 	549
f 541 	393 	550
f 544 	553 	244
f 249 	244 	553
f 200 	190 	250
f 200 	250 	252
f 578 	574 	330
f 47 	461 	43
f 52 	465 	47
f 64 	468 	52
f 524 	499 	636
f 71 	76 	477
f 487 	484 	611
f 461 	445 	43
f 556 	249 	553
f 237 	202 	557
f 252 	254 	200
f 207 	200 	254
f 237 	557 	551
f 411 	425 	18
f 284 	556 	562
f 222 	207 	254
f 222 	254 	260
f 263 	1639 	565
f 567 	568 	295
f 291 	295 	568
f 561 	558 	579
f 554 	648 	558
f 260 	269 	222
f 233 	222 	269
f 575 	291 	568
f 570 	564 	579
f 564 	561 	579
f 263 	565 	571
f 263 	571 	369
f 278 	233 	269
f 576 	577 	572
f 570 	579 	572
f 576 	572 	579
f 569 	563 	330
f 559 	330 	563
f 575 	567 	295
f 317 	307 	204
f 203 	204 	307
f 581 	375 	571
f 369 	571 	375
f 574 	569 	330
f 295 	284 	562
f 295 	562 	567
f 255 	278 	281
f 582 	667 	584
f 567 	588 	295
f 372 	295 	588
f 204 	205 	317
f 544 	244 	588
f 372 	588 	244
f 578 	330 	583
f 586 	583 	330
f 587 	648 	589
f 560 	592 	147
f 366 	365 	205
f 365 	317 	205
f 1363 	593 	401
f 590 	586 	330
f 147 	592 	597
f 544 	244 	594
f 594 	244 	403
f 401 	593 	599
f 401 	599 	430
f 205 	206 	366
f 595 	590 	330
f 591 	648 	554
f 579 	558 	648
f 589 	648 	591
f 596 	579 	648
f 430 	599 	603
f 598 	595 	330
f 330 	399 	598
f 536 	413 	198
f 371 	197 	387
f 206 	208 	366
f 404 	605 	608
f 584 	667 	587
f 648 	587 	667
f 606 	674 	582
f 580 	573 	199
f 192 	199 	573
f 192 	573 	566
f 192 	566 	510
f 192 	510 	505
f 192 	505 	502
f 192 	502 	500
f 192 	500 	491
f 481 	192 	491
f 600 	598 	399
f 603 	607 	474
f 415 	404 	608
f 415 	608 	610
f 602 	600 	399
f 609 	602 	399
f 76 	75 	611
f 612 	485 	607
f 474 	607 	485
f 610 	613 	415
f 424 	415 	613
f 657 	658 	396
f 396 	662 	400
f 279 	255 	281
f 279 	281 	286
f 485 	612 	617
f 618 	464 	616
f 619 	464 	618
f 620 	464 	619
f 611 	440 	624
f 387 	198 	413
f 152 	498 	518
f 627 	624 	443
f 440 	443 	624
f 1478 	1474 	614
f 420 	413 	536
f 297 	220 	303
f 627 	443 	628
f 448 	628 	443
f 536 	538 	420
f 630 	625 	626
f 630 	626 	634
f 297 	303 	476
f 636 	628 	448
f 538 	35 	421
f 421 	420 	538
f 367 	314 	458
f 638 	630 	634
f 638 	634 	641
f 825 	1715 	702
f 388 	316 	314
f 388 	314 	367
f 411 	639 	457
f 640 	1094 	632
f 642 	638 	641
f 642 	641 	643
f 682 	692 	1662
f 925 	794 	559
f 316 	388 	319
f 392 	319 	388
f 17 	524 	639
f 636 	639 	524
f 639 	411 	17
f 35 	18 	425
f 425 	421 	35
f 628 	636 	499
f 645 	609 	399
f 642 	643 	819
f 397 	321 	319
f 397 	319 	392
f 135 	133 	644
f 138 	135 	644
f 644 	646 	138
f 646 	707 	140
f 637 	644 	133
f 631 	102 	629
f 321 	397 	326
f 402 	326 	397
f 402 	1903 	326
f 650 	596 	648
f 390 	297 	476
f 557 	542 	61
f 535 	532 	651
f 647 	649 	527
f 532 	527 	649
f 649 	651 	532
f 1665 	1662 	692
f 692 	704 	1665
f 1666 	1665 	704
f 738 	2135 	734
f 1596 	730 	2133
f 654 	656 	396
f 657 	396 	656
f 660 	396 	659
f 661 	396 	660
f 662 	396 	661
f 664 	400 	662
f 658 	659 	396
f 666 	400 	664
f 648 	667 	668
f 648 	668 	655
f 381 	432 	383
f 446 	383 	432
f 89 	95 	4
f 4 	540 	89
f 667 	582 	674
f 384 	383 	446
f 453 	385 	384
f 670 	685 	672
f 458 	386 	385
f 458 	385 	453
f 675 	672 	685
f 1493 	160 	1497
f 799 	673 	415
f 184 	404 	671
f 173 	184 	669
f 669 	1497 	173
f 61 	59 	557
f 551 	557 	59
f 59 	72 	551
f 95 	551 	72
f 72 	4 	95
f 314 	386 	458
f 680 	1863 	679
f 681 	455 	680
f 615 	616 	455
f 678 	1863 	684
f 682 	642 	819
f 1372 	390 	476
f 824 	823 	687
f 711 	299 	713
f 703 	697 	304
f 689 	304 	697
f 697 	677 	689
f 685 	688 	675
f 676 	675 	688
f 688 	689 	677
f 304 	305 	703
f 705 	703 	305
f 305 	306 	705
f 692 	682 	819
f 665 	647 	521
f 521 	518 	665
f 527 	521 	647
f 663 	665 	518
f 131 	663 	617
f 603 	599 	115
f 677 	676 	688
f 822 	820 	700
f 700 	701 	822
f 699 	700 	820
f 820 	819 	699
f 701 	686 	822
f 823 	822 	686
f 686 	687 	823
f 546 	141 	707
f 141 	140 	707
f 118 	122 	612
f 702 	712 	825
f 712 	702 	920
f 706 	1221 	690
f 704 	715 	1594
f 833 	825 	712
f 306 	296 	710
f 708 	772 	714
f 717 	712 	920
f 617 	612 	122
f 716 	981 	706
f 720 	640 	801
f 714 	757 	719
f 718 	301 	691
f 713 	300 	718
f 122 	131 	617
f 720 	1077 	640
f 863 	859 	722
f 726 	720 	801
f 1596 	1594 	715
f 726 	1071 	720
f 518 	617 	663
f 651 	652 	535
f 723 	773 	728
f 721 	773 	723
f 727 	728 	750
f 301 	373 	691
f 730 	1596 	715
f 668 	786 	655
f 732 	1069 	726
f 734 	730 	829
f 373 	374 	691
f 1594 	1666 	704
f 734 	2133 	730
f 731 	810 	722
f 542 	535 	653
f 652 	653 	535
f 653 	61 	542
f 737 	1061 	732
f 725 	691 	374
f 738 	734 	829
f 729 	725 	376
f 374 	376 	725
f 786 	788 	733
f 741 	372 	731
f 744 	2136 	738
f 754 	756 	719
f 709 	769 	708
f 776 	767 	709
f 745 	780 	709
f 740 	736 	790
f 376 	377 	729
f 724 	987 	716
f 748 	372 	741
f 673 	671 	404
f 750 	728 	773
f 735 	729 	377
f 752 	956 	724
f 761 	721 	756
f 755 	748 	957
f 739 	735 	378
f 755 	372 	748
f 978 	979 	593
f 749 	1060 	751
f 746 	1048 	749
f 593 	979 	599
f 112 	115 	599
f 762 	958 	752
f 764 	755 	957
f 115 	118 	603
f 769 	709 	768
f 770 	708 	769
f 771 	708 	770
f 772 	708 	771
f 757 	714 	772
f 721 	719 	756
f 754 	719 	757
f 759 	721 	761
f 773 	721 	759
f 768 	709 	767
f 751 	1065 	763
f 377 	378 	735
f 764 	372 	755
f 1167 	1173 	766
f 766 	763 	1167
f 775 	963 	762
f 758 	1675 	747
f 778 	782 	865
f 779 	302 	764
f 787 	777 	784
f 607 	603 	118
f 612 	607 	118
f 783 	1675 	758
f 330 	559 	794
f 765 	1462 	753
f 782 	753 	785
f 778 	753 	782
f 760 	753 	778
f 909 	906 	1307
f 870 	799 	744
f 779 	2157 	302
f 372 	234 	731
f 796 	794 	925
f 925 	923 	796
f 669 	806 	1498
f 801 	796 	923
f 804 	815 	451
f 671 	809 	806
f 671 	806 	669
f 923 	908 	801
f 802 	801 	908
f 809 	671 	812
f 673 	812 	671
f 866 	862 	416
f 426 	416 	862
f 870 	812 	673
f 531 	810 	217
f 453 	451 	815
f 813 	416 	817
f 807 	416 	813
f 819 	820 	692
f 905 	900 	805
f 692 	820 	822
f 692 	822 	704
f 823 	715 	822
f 704 	822 	715
f 849 	846 	717
f 240 	234 	372
f 217 	731 	234
f 863 	722 	810
f 795 	911 	781
f 821 	458 	815
f 670 	797 	817
f 685 	670 	817
f 715 	823 	824
f 715 	824 	730
f 491 	656 	654
f 733 	655 	786
f 788 	789 	733
f 736 	733 	789
f 789 	790 	736
f 790 	791 	740
f 776 	709 	780
f 791 	792 	740
f 792 	793 	740
f 745 	740 	793
f 827 	745 	793
f 828 	745 	827
f 780 	745 	828
f 730 	824 	829
f 826 	821 	488
f 500 	657 	656
f 500 	656 	491
f 829 	832 	738
f 826 	367 	821
f 835 	744 	832
f 738 	832 	744
f 831 	817 	797
f 657 	500 	658
f 502 	658 	500
f 834 	830 	797
f 830 	831 	797
f 841 	842 	904
f 912 	904 	842
f 843 	912 	842
f 844 	919 	843
f 693 	922 	844
f 904 	1327 	841
f 744 	835 	870
f 848 	753 	847
f 760 	847 	753
f 505 	659 	658
f 505 	658 	502
f 846 	849 	1011
f 797 	798 	834
f 632 	794 	796
f 632 	796 	640
f 753 	848 	856
f 753 	856 	765
f 849 	852 	1011
f 865 	847 	778
f 851 	940 	855
f 640 	796 	801
f 1312 	1318 	854
f 659 	505 	660
f 510 	660 	505
f 801 	802 	726
f 765 	856 	1081
f 760 	778 	847
f 566 	661 	660
f 566 	660 	510
f 861 	864 	889
f 782 	867 	865
f 805 	732 	802
f 726 	802 	732
f 661 	566 	662
f 573 	662 	566
f 785 	868 	867
f 785 	867 	782
f 580 	664 	662
f 580 	662 	573
f 968 	962 	575
f 732 	805 	808
f 732 	808 	737
f 664 	580 	666
f 585 	666 	580
f 673 	799 	870
f 833 	712 	840
f 717 	722 	859
f 859 	852 	717
f 852 	849 	717
f 712 	717 	846
f 846 	840 	712
f 845 	834 	798
f 811 	742 	808
f 737 	808 	742
f 874 	879 	875
f 914 	864 	876
f 877 	878 	874
f 878 	879 	874
f 879 	881 	875
f 876 	877 	914
f 877 	876 	878
f 877 	926 	879
f 877 	879 	878
f 880 	881 	882
f 879 	882 	881
f 883 	988 	881
f 880 	882 	883
f 879 	926 	880
f 879 	880 	882
f 884 	885 	886
f 882 	885 	883
f 886 	885 	882
f 884 	886 	887
f 882 	880 	884
f 882 	884 	886
f 885 	887 	861
f 886 	888 	887
f 888 	864 	887
f 876 	864 	888
f 861 	887 	864
f 888 	886 	884
f 888 	884 	969
f 878 	876 	888
f 877 	878 	888
f 877 	888 	969
f 875 	984 	894
f 889 	864 	890
f 864 	914 	890
f 872 	892 	893
f 872 	893 	873
f 874 	891 	877
f 875 	894 	891
f 875 	891 	874
f 839 	826 	488
f 860 	858 	940
f 816 	814 	940
f 604 	853 	896
f 742 	811 	814
f 742 	814 	747
f 892 	898 	899
f 892 	899 	893
f 836 	899 	1973
f 898 	1973 	899
f 604 	896 	902
f 604 	902 	614
f 816 	758 	814
f 747 	814 	758
f 814 	811 	940
f 907 	635 	902
f 614 	902 	635
f 839 	2080 	397
f 402 	397 	2080
f 839 	392 	826
f 869 	845 	798
f 798 	800 	869
f 758 	816 	818
f 758 	818 	783
f 910 	903 	904
f 910 	904 	912
f 871 	869 	800
f 911 	432 	381
f 901 	1203 	906
f 635 	907 	913
f 635 	913 	702
f 1997 	1992 	918
f 891 	917 	877
f 918 	910 	912
f 918 	912 	919
f 1203 	1307 	906
f 909 	1307 	915
f 702 	913 	920
f 921 	625 	1651
f 877 	917 	914
f 921 	918 	919
f 921 	919 	922
f 860 	940 	895
f 895 	940 	811
f 920 	924 	717
f 897 	895 	811
f 811 	808 	897
f 1188 	996 	872
f 872 	1007 	892
f 630 	638 	1655
f 926 	877 	917
f 916 	1312 	854
f 915 	1312 	916
f 922 	626 	921
f 625 	921 	626
f 722 	717 	924
f 722 	924 	929
f 881 	880 	928
f 927 	928 	880
f 931 	883 	928
f 881 	928 	883
f 900 	897 	808
f 808 	805 	900
f 805 	802 	905
f 908 	905 	802
f 203 	974 	930
f 937 	938 	964
f 966 	964 	938
f 938 	930 	966
f 974 	966 	930
f 929 	939 	722
f 731 	722 	939
f 898 	1017 	1973
f 1660 	1658 	642
f 1662 	1660 	682
f 927 	880 	931
f 883 	931 	880
f 943 	932 	850
f 943 	850 	851
f 880 	926 	927
f 858 	857 	940
f 741 	731 	939
f 741 	939 	945
f 885 	884 	948
f 947 	948 	884
f 941 	933 	944
f 855 	940 	857
f 946 	944 	934
f 952 	887 	948
f 885 	948 	887
f 781 	967 	775
f 804 	446 	795
f 453 	815 	458
f 911 	795 	432
f 967 	781 	911
f 945 	953 	741
f 748 	741 	953
f 951 	1192 	942
f 947 	884 	952
f 887 	952 	884
f 956 	958 	515
f 957 	748 	953
f 851 	850 	940
f 961 	940 	850
f 797 	670 	955
f 884 	880 	927
f 884 	927 	947
f 960 	951 	1286
f 934 	935 	946
f 764 	957 	962
f 958 	963 	515
f 949 	946 	935
f 779 	764 	962
f 779 	962 	968
f 935 	936 	949
f 965 	955 	670
f 965 	670 	672
f 969 	884 	947
f 954 	949 	936
f 936 	937 	954
f 972 	960 	1286
f 965 	1063 	955
f 976 	1052 	975
f 977 	1068 	976
f 973 	975 	1052
f 1052 	1045 	973
f 978 	1068 	977
f 112 	599 	979
f 1052 	976 	1068
f 917 	877 	969
f 980 	965 	672
f 980 	672 	675
f 581 	1199 	982
f 985 	894 	984
f 950 	943 	851
f 950 	851 	855
f 986 	972 	1295
f 959 	954 	937
f 964 	959 	937
f 974 	203 	307
f 980 	1063 	965
f 531 	983 	810
f 984 	988 	989
f 984 	989 	985
f 986 	1255 	972
f 991 	980 	675
f 991 	675 	676
f 988 	993 	994
f 988 	994 	989
f 1098 	990 	666
f 991 	1067 	980
f 993 	998 	1000
f 993 	1000 	994
f 833 	999 	992
f 833 	992 	825
f 997 	950 	855
f 997 	855 	857
f 996 	986 	1295
f 997 	1126 	950
f 400 	666 	990
f 981 	716 	987
f 963 	775 	967
f 958 	762 	963
f 956 	752 	958
f 987 	724 	956
f 1001 	991 	676
f 1001 	676 	677
f 996 	1188 	986
f 999 	833 	1004
f 840 	1004 	833
f 1001 	1067 	991
f 1005 	997 	857
f 1005 	857 	858
f 1199 	1200 	982
f 846 	1008 	1004
f 846 	1004 	840
f 990 	1101 	995
f 1200 	1202 	1003
f 690 	393 	395
f 690 	395 	706
f 998 	1012 	1014
f 998 	1014 	1000
f 1011 	1008 	846
f 1013 	1005 	858
f 1013 	858 	860
f 995 	1102 	1002
f 1012 	1018 	1019
f 1012 	1019 	1014
f 1183 	1184 	1010
f 1204 	1205 	1006
f 852 	1022 	1011
f 1018 	1023 	1024
f 1018 	1024 	1019
f 950 	1126 	943
f 417 	716 	395
f 706 	395 	716
f 1007 	872 	996
f 859 	1026 	1022
f 859 	1022 	852
f 1023 	1028 	1029
f 1023 	1029 	1024
f 1016 	1010 	1184
f 1031 	1017 	1315
f 716 	417 	436
f 716 	436 	724
f 1026 	859 	1033
f 863 	1033 	859
f 1027 	1013 	860
f 1027 	860 	895
f 1028 	1035 	1036
f 1028 	1036 	1029
f 1015 	1107 	1020
f 1031 	1973 	1017
f 863 	810 	1033
f 983 	1033 	810
f 752 	724 	436
f 752 	436 	441
f 1027 	1675 	1013
f 1030 	1020 	1109
f 1041 	1031 	1315
f 1035 	1038 	1039
f 1035 	1039 	1036
f 1043 	1027 	895
f 1043 	895 	897
f 1041 	1977 	1031
f 441 	442 	752
f 762 	752 	442
f 1109 	1130 	1030
f 1042 	1047 	1048
f 1042 	1048 	1044
f 1038 	1049 	1050
f 1038 	1050 	1039
f 1037 	1030 	1130
f 1047 	1053 	1055
f 1047 	1055 	1048
f 1049 	1056 	1057
f 1049 	1057 	1050
f 775 	762 	442
f 775 	442 	447
f 1053 	1059 	1060
f 1053 	1060 	1055
f 1130 	1128 	1037
f 1054 	1979 	1041
f 1061 	1043 	897
f 1061 	897 	900
f 1089 	1073 	1025
f 1043 	1675 	1027
f 1061 	1675 	1043
f 1063 	1067 	688
f 1063 	688 	685
f 1040 	1037 	1084
f 1059 	1062 	1065
f 1059 	1065 	1060
f 1074 	1075 	1034
f 970 	971 	1045
f 1066 	1054 	1327
f 1069 	1061 	900
f 1069 	900 	905
f 1067 	1070 	689
f 1067 	689 	688
f 1058 	1079 	1064
f 1064 	1080 	941
f 1062 	1167 	1065
f 1066 	903 	1986
f 1069 	732 	1061
f 304 	689 	1070
f 593 	1068 	978
f 1071 	1069 	905
f 1071 	905 	908
f 903 	1066 	1327
f 1072 	941 	1080
f 934 	944 	933
f 1046 	1076 	1051
f 1051 	1078 	1058
f 1071 	726 	1069
f 892 	1017 	898
f 903 	910 	1989
f 1847 	1845 	1261
f 1845 	1842 	1261
f 1254 	1261 	1842
f 447 	450 	775
f 781 	775 	450
f 1077 	1071 	908
f 1077 	908 	923
f 1038 	1194 	1049
f 1028 	1023 	1179
f 1023 	1018 	1179
f 1161 	1179 	1012
f 1012 	998 	1161
f 998 	993 	1161
f 993 	988 	1161
f 1158 	1161 	988
f 883 	1158 	988
f 875 	881 	984
f 984 	881 	988
f 795 	781 	450
f 795 	450 	473
f 1080 	1064 	1079
f 1040 	1085 	1046
f 933 	941 	1072
f 1079 	1058 	1078
f 1076 	1046 	1085
f 1078 	1051 	1076
f 1082 	1086 	1087
f 1082 	1087 	1083
f 1077 	720 	1071
f 1045 	1034 	970
f 1075 	970 	1034
f 971 	973 	1045
f 1032 	1025 	1073
f 1073 	1074 	1032
f 1034 	1032 	1074
f 1090 	1081 	1337
f 1086 	1091 	1092
f 1086 	1092 	1087
f 473 	478 	795
f 804 	795 	478
f 1091 	1093 	1095
f 1091 	1095 	1092
f 1154 	883 	1151
f 1179 	1189 	1028
f 885 	2062 	883
f 815 	804 	478
f 815 	478 	480
f 1094 	1077 	923
f 1094 	923 	925
f 1067 	1001 	1070
f 1063 	980 	1067
f 1792 	1788 	1191
f 1093 	1096 	1097
f 1093 	1097 	1095
f 1094 	640 	1077
f 1096 	1112 	1114
f 1096 	1114 	1097
f 480 	483 	815
f 821 	815 	483
f 1112 	1116 	1117
f 1112 	1117 	1114
f 785 	753 	1446
f 1116 	1119 	1120
f 1116 	1120 	1117
f 1099 	990 	1098
f 1101 	990 	1099
f 1102 	995 	1101
f 1103 	1002 	1102
f 1104 	1009 	1103
f 1105 	1009 	1104
f 1107 	1015 	1105
f 1108 	1020 	1107
f 1109 	1020 	1108
f 1009 	1105 	1015
f 1002 	1103 	1009
f 488 	821 	483
f 1121 	1090 	1337
f 1121 	1337 	1339
f 839 	488 	493
f 1123 	1001 	697
f 1081 	1469 	765
f 1121 	1507 	1090
f 742 	1061 	737
f 747 	1061 	742
f 1126 	1005 	1675
f 146 	839 	493
f 1140 	1125 	1122
f 1070 	1001 	1123
f 1339 	1127 	1121
f 967 	911 	517
f 506 	517 	911
f 1090 	1507 	1081
f 1127 	1134 	1611
f 1112 	1096 	1347
f 1343 	1347 	1096
f 1093 	1343 	1096
f 1091 	1260 	1093
f 1086 	1260 	1091
f 911 	381 	506
f 1085 	1040 	1084
f 1128 	1084 	1037
f 1129 	1123 	697
f 1162 	1163 	522
f 528 	522 	1163
f 1163 	1166 	528
f 522 	520 	1162
f 1160 	1162 	520
f 363 	362 	354
f 466 	459 	1135
f 1135 	1136 	466
f 1106 	486 	1141
f 469 	466 	1136
f 472 	469 	1138
f 1141 	482 	1138
f 1120 	1119 	1139
f 1129 	1782 	1123
f 1134 	1146 	1619
f 685 	817 	416
f 1124 	2066 	1118
f 1146 	1134 	1349
f 1150 	1153 	1149
f 1144 	565 	1150
f 515 	514 	956
f 932 	943 	1126
f 1151 	1137 	1282
f 1623 	1619 	1146
f 1147 	1149 	1153
f 963 	516 	515
f 1142 	1152 	971
f 1142 	971 	970
f 807 	803 	416
f 1118 	2069 	1100
f 1151 	883 	1137
f 516 	963 	517
f 967 	517 	963
f 431 	426 	968
f 803 	866 	416
f 1154 	1151 	1282
f 439 	431 	575
f 862 	968 	426
f 1116 	1356 	1119
f 1005 	1126 	997
f 1013 	1675 	1005
f 460 	454 	475
f 454 	449 	475
f 1157 	1145 	1153
f 1147 	1153 	1145
f 1153 	1150 	565
f 987 	513 	519
f 987 	519 	981
f 1139 	1155 	1120
f 1152 	1156 	973
f 1152 	973 	971
f 1139 	1143 	1159
f 1139 	1159 	1155
f 961 	1182 	940
f 1126 	940 	1182
f 1158 	883 	1154
f 567 	575 	962
f 1524 	1081 	1507
f 942 	1164 	1146
f 960 	1207 	951
f 972 	1249 	960
f 1619 	1613 	1134
f 1148 	1784 	1129
f 961 	850 	1182
f 932 	1182 	850
f 1062 	1165 	1167
f 537 	533 	1169
f 1168 	1169 	533
f 1166 	1168 	533
f 1169 	1171 	537
f 540 	537 	1171
f 89 	540 	1171
f 533 	528 	1166
f 514 	513 	987
f 514 	987 	956
f 1165 	1172 	1173
f 1165 	1173 	1167
f 1192 	1365 	1164
f 1126 	1182 	932
f 1018 	1012 	1179
f 1172 	1175 	1176
f 1172 	1176 	1173
f 475 	449 	575
f 449 	439 	575
f 1156 	1177 	975
f 1156 	975 	973
f 1175 	1178 	1180
f 1175 	1180 	1176
f 1181 	1174 	523
f 1181 	523 	526
f 1179 	1161 	1303
f 1178 	1185 	1186
f 1178 	1186 	1180
f 1623 	1146 	1164
f 1017 	892 	1007
f 1255 	986 	1188
f 497 	575 	1140
f 460 	497 	467
f 1574 	784 	1185
f 1070 	1123 	1782
f 1782 	1129 	1784
f 496 	475 	575
f 1189 	1179 	1303
f 1177 	1190 	976
f 1177 	976 	975
f 872 	873 	1364
f 1188 	872 	1364
f 1190 	1193 	977
f 1190 	977 	976
f 497 	496 	575
f 490 	467 	1140
f 512 	490 	1140
f 467 	497 	1140
f 1172 	1165 	1530
f 1520 	1530 	1165
f 1194 	1189 	1314
f 1122 	512 	1140
f 1195 	1181 	526
f 1195 	526 	529
f 1215 	1214 	1195
f 1038 	1035 	1189
f 1088 	1089 	1025
f 1025 	1021 	1088
f 1187 	1088 	1021
f 1021 	1016 	1187
f 1184 	1187 	1016
f 571 	1198 	581
f 565 	1197 	571
f 1003 	982 	1200
f 1197 	565 	1144
f 1198 	571 	1197
f 1199 	581 	1198
f 1202 	1204 	1003
f 1006 	1003 	1204
f 1010 	1006 	1205
f 1183 	1010 	1205
f 1193 	1206 	978
f 1193 	978 	977
f 556 	1140 	562
f 1206 	1209 	979
f 1206 	979 	978
f 1208 	1194 	1314
f 529 	690 	1195
f 393 	690 	529
f 1203 	800 	1201
f 1674 	1211 	546
f 1201 	1306 	1307
f 1201 	1307 	1203
f 1211 	1212 	547
f 1211 	547 	546
f 1212 	1214 	548
f 1212 	548 	547
f 1035 	1028 	1189
f 1194 	1038 	1189
f 1208 	1405 	1194
f 1600 	1856 	1201
f 553 	544 	1140
f 1214 	1215 	549
f 1214 	549 	548
f 1210 	1216 	229
f 1210 	229 	228
f 553 	1140 	556
f 568 	1140 	575
f 1219 	1452 	1217
f 1215 	1220 	550
f 1215 	550 	549
f 1170 	1786 	1148
f 1276 	1219 	1217
f 1216 	1222 	230
f 1216 	230 	229
f 1220 	1221 	541
f 1220 	541 	550
f 1218 	1506 	1208
f 1222 	1224 	232
f 1222 	232 	230
f 981 	519 	1221
f 541 	1221 	519
f 1115 	1237 	1828
f 562 	568 	567
f 1224 	1227 	238
f 1224 	238 	232
f 1227 	1229 	239
f 1227 	239 	238
f 562 	1140 	568
f 1230 	1226 	1228
f 1230 	1228 	1231
f 1229 	1232 	241
f 1229 	241 	239
f 575 	431 	968
f 1230 	1217 	1226
f 1232 	1233 	242
f 1232 	242 	241
f 1213 	1223 	1801
f 1842 	1839 	1254
f 1234 	1230 	1231
f 1234 	1231 	1236
f 539 	544 	588
f 588 	939 	539
f 1233 	1235 	243
f 1233 	243 	242
f 1225 	1506 	1218
f 544 	594 	1140
f 1239 	1234 	1236
f 1239 	1236 	1240
f 1181 	1195 	1214
f 1429 	2068 	1674
f 1212 	1181 	1214
f 1174 	1181 	1212
f 690 	1215 	1195
f 1215 	690 	1220
f 1221 	1220 	690
f 1221 	706 	981
f 1241 	1238 	1329
f 1241 	1329 	1332
f 1445 	1242 	596
f 853 	854 	1318
f 1245 	1246 	576
f 1245 	576 	579
f 1244 	1239 	1240
f 1244 	1240 	1247
f 1243 	1237 	725
f 1241 	2082 	1238
f 1233 	1290 	1235
f 1232 	1290 	1233
f 1229 	1290 	1232
f 1227 	1290 	1229
f 1224 	1290 	1227
f 1222 	1290 	1224
f 1216 	1290 	1222
f 1210 	1290 	1216
f 1246 	1248 	577
f 1246 	577 	576
f 1448 	1472 	896
f 1234 	1275 	1230
f 1042 	1854 	1281
f 1251 	1244 	1247
f 1251 	1247 	1252
f 112 	979 	1209
f 112 	1209 	111
f 1250 	1340 	554
f 1082 	1283 	1251
f 902 	1512 	907
f 1258 	1250 	554
f 1258 	554 	558
f 1257 	1251 	1252
f 1257 	1252 	1259
f 1100 	2079 	1241
f 1137 	883 	1124
f 2085 	1238 	2082
f 1261 	1270 	1847
f 1047 	1042 	1281
f 1514 	1516 	907
f 1257 	1082 	1251
f 1364 	1255 	1188
f 1253 	1256 	282
f 1253 	282 	280
f 1245 	1444 	1258
f 1206 	401 	1209
f 1190 	1177 	1352
f 1177 	1156 	1352
f 1348 	1352 	1156
f 1152 	1348 	1156
f 1142 	1348 	1152
f 1260 	1257 	1259
f 1260 	1259 	1264
f 920 	913 	992
f 1518 	992 	913
f 1100 	1332 	1262
f 1263 	1258 	558
f 1263 	558 	561
f 1256 	1265 	283
f 1256 	283 	282
f 1260 	1086 	1257
f 992 	999 	920
f 375 	581 	1266
f 1196 	951 	1207
f 1249 	1207 	960
f 1192 	951 	1196
f 1164 	942 	1192
f 1249 	972 	1255
f 1281 	1292 	1047
f 1262 	1267 	1100
f 1118 	1100 	1267
f 1250 	1258 	1444
f 1263 	1245 	1258
f 1265 	1268 	285
f 1265 	285 	283
f 1269 	1263 	561
f 1269 	561 	564
f 1260 	1264 	1343
f 1124 	1118 	1267
f 1124 	1267 	1273
f 1349 	1272 	1146
f 1217 	1275 	1276
f 1274 	1266 	982
f 929 	983 	939
f 1273 	1277 	1124
f 1137 	1124 	1277
f 1268 	1271 	256
f 1268 	256 	285
f 1272 	1279 	942
f 951 	942 	1279
f 1275 	1278 	1280
f 1275 	1280 	1276
f 1282 	1137 	1277
f 945 	588 	953
f 957 	953 	588
f 1278 	1283 	1284
f 1278 	1284 	1280
f 1269 	1288 	1245
f 1286 	951 	1279
f 1271 	1285 	257
f 1271 	257 	256
f 1270 	1281 	1854
f 962 	957 	588
f 1083 	1284 	1283
f 1083 	1283 	1082
f 1154 	1282 	1289
f 1285 	1290 	258
f 1285 	258 	257
f 972 	1286 	1291
f 1288 	1269 	564
f 1288 	564 	570
f 1293 	1158 	1289
f 1154 	1289 	1158
f 1290 	1294 	259
f 1290 	259 	258
f 1295 	972 	1291
f 1288 	1299 	1245
f 588 	567 	962
f 1158 	1293 	1298
f 1158 	1298 	1161
f 1294 	1297 	261
f 1294 	261 	259
f 1299 	1288 	570
f 1299 	570 	572
f 996 	1295 	1300
f 1278 	1239 	1283
f 1275 	1234 	1278
f 1217 	1230 	1275
f 1244 	1251 	1283
f 1343 	1093 	1260
f 1116 	1112 	1347
f 1161 	1298 	1303
f 1297 	1302 	262
f 1297 	262 	261
f 1007 	996 	1300
f 1007 	1300 	1304
f 1053 	1047 	1292
f 1062 	1059 	1301
f 1246 	1245 	1299
f 531 	939 	983
f 945 	939 	588
f 531 	539 	939
f 1004 	1008 	920
f 999 	1004 	920
f 1302 	1305 	264
f 1302 	264 	262
f 1304 	1308 	1007
f 1017 	1007 	1308
f 1303 	1309 	1189
f 1248 	1299 	572
f 1248 	572 	577
f 1310 	1296 	1016
f 1305 	1313 	265
f 1305 	265 	264
f 1306 	1311 	1312
f 1306 	1312 	1307
f 1189 	1309 	1314
f 1315 	1017 	1308
f 1311 	1317 	1318
f 1311 	1318 	1312
f 1263 	1269 	1245
f 1246 	1299 	1248
f 1313 	1316 	267
f 1313 	267 	265
f 929 	924 	1026
f 1022 	1026 	924
f 1033 	929 	1026
f 983 	929 	1033
f 1011 	1022 	924
f 924 	920 	1008
f 1008 	1011 	924
f 1314 	1319 	1208
f 1059 	1053 	1292
f 228 	267 	1210
f 1316 	1210 	267
f 1317 	1423 	1318
f 1242 	1245 	579
f 1242 	579 	596
f 1041 	1315 	1320
f 1322 	1218 	1319
f 1208 	1319 	1218
f 1321 	1310 	1016
f 1323 	1353 	606
f 1323 	606 	582
f 1060 	749 	1055
f 1055 	749 	1048
f 1065 	751 	1060
f 1167 	763 	1065
f 1048 	746 	1044
f 1218 	1322 	1324
f 1218 	1324 	1225
f 1287 	1296 	1716
f 1201 	1865 	1306
f 1054 	1041 	1320
f 1054 	1320 	1325
f 1326 	1323 	582
f 1326 	582 	584
f 1327 	1054 	1325
f 904 	903 	1327
f 1238 	1383 	1329
f 1330 	1326 	584
f 1330 	584 	587
f 1265 	1256 	1338
f 1341 	1338 	1256
f 1253 	1341 	1256
f 1265 	1334 	1268
f 1268 	1333 	1271
f 1316 	1290 	1210
f 1313 	1290 	1316
f 1305 	1290 	1313
f 1302 	1290 	1305
f 1297 	1290 	1302
f 1294 	1290 	1297
f 1285 	1371 	1290
f 1271 	1333 	1285
f 1399 	1393 	1117
f 1114 	1117 	1393
f 1120 	1399 	1117
f 1155 	1923 	1120
f 1159 	1923 	1155
f 1328 	1388 	1321
f 856 	1331 	1081
f 703 	1148 	1129
f 320 	1333 	1334
f 320 	1334 	322
f 1100 	1241 	1332
f 1336 	1330 	587
f 1336 	587 	589
f 1081 	1331 	1337
f 1913 	1923 	1159
f 1334 	1338 	323
f 1334 	323 	322
f 1388 	1724 	1321
f 1238 	1382 	1383
f 1239 	1278 	1234
f 1244 	1283 	1239
f 1338 	1341 	324
f 1338 	324 	323
f 1340 	1336 	589
f 1340 	589 	591
f 1191 	1170 	711
f 1330 	1485 	1326
f 1339 	1345 	1127
f 1340 	591 	554
f 1341 	1344 	325
f 1341 	325 	324
f 1127 	1345 	1346
f 1127 	1346 	1134
f 1213 	1191 	711
f 331 	325 	1344
f 1180 	1186 	774
f 1176 	1180 	774
f 777 	774 	1186
f 784 	777 	1186
f 1173 	1176 	774
f 774 	766 	1173
f 1134 	1346 	1349
f 1235 	1350 	308
f 1235 	308 	243
f 901 	871 	1203
f 1312 	915 	1307
f 1335 	1400 	1328
f 1352 	1363 	1190
f 1445 	1444 	1242
f 1340 	1444 	1336
f 1242 	1444 	1245
f 942 	1146 	1272
f 1350 	1351 	309
f 1350 	309 	308
f 69 	1382 	7
f 1252 	1247 	1284
f 1351 	1357 	310
f 1351 	310 	309
f 1354 	1359 	1360
f 1354 	1360 	1355
f 1356 	1116 	1347
f 1357 	1361 	311
f 1357 	311 	310
f 1348 	1142 	1342
f 1193 	1190 	1363
f 1342 	1379 	1335
f 1358 	1164 	1365
f 1361 	1362 	312
f 1361 	312 	311
f 725 	1237 	1115
f 1362 	1367 	313
f 1362 	313 	312
f 1206 	1193 	1363
f 109 	110 	1359
f 1360 	1359 	110
f 1236 	1231 	1276
f 1367 	1371 	315
f 1367 	315 	313
f 1366 	1370 	616
f 1366 	616 	615
f 1276 	1280 	1236
f 1372 	476 	1368
f 1365 	1192 	1369
f 1196 	1369 	1192
f 1240 	1236 	1280
f 1371 	1374 	318
f 1371 	318 	315
f 1207 	1375 	1369
f 1207 	1369 	1196
f 1370 	1373 	618
f 1370 	618 	616
f 735 	1254 	729
f 1243 	729 	1254
f 1355 	1372 	1368
f 1355 	1368 	1354
f 1375 	1207 	1376
f 1249 	1376 	1207
f 1206 	1363 	401
f 1374 	1333 	320
f 1374 	320 	318
f 1373 	1377 	619
f 1373 	619 	618
f 1359 	1368 	109
f 1354 	1368 	1359
f 476 	85 	1368
f 1082 	1257 	1086
f 735 	1261 	1254
f 1377 	1378 	620
f 1377 	620 	619
f 1255 	1380 	1376
f 1255 	1376 	1249
f 1087 	1092 	1264
f 1092 	1095 	1264
f 1264 	1259 	1087
f 1280 	1284 	1240
f 1247 	1240 	1284
f 1284 	1083 	1252
f 1259 	1252 	1083
f 1087 	1259 	1083
f 1383 	1382 	69
f 1378 	1384 	621
f 1378 	621 	620
f 970 	1381 	1142
f 1255 	1364 	1380
f 1384 	1385 	622
f 1384 	622 	621
f 1264 	1386 	1343
f 1270 	746 	1281
f 1385 	1392 	623
f 1385 	623 	622
f 1343 	1386 	1393
f 1343 	1393 	1347
f 1089 	1388 	1394
f 1389 	1395 	1396
f 1389 	1396 	1390
f 1281 	746 	1292
f 1387 	1397 	1398
f 1387 	1398 	1391
f 1347 	1393 	1399
f 1347 	1399 	1356
f 1394 	1400 	1089
f 1468 	1464 	1341
f 1334 	1265 	1338
f 1333 	1268 	1334
f 1374 	1285 	1333
f 1371 	1285 	1374
f 1367 	1290 	1371
f 1362 	1290 	1367
f 1361 	1290 	1362
f 1357 	1290 	1361
f 1351 	1290 	1357
f 1350 	1290 	1351
f 1235 	1290 	1350
f 800 	1203 	871
f 902 	896 	1472
f 896 	853 	1448
f 1318 	1448 	853
f 1397 	1401 	1402
f 1397 	1402 	1398
f 1399 	2037 	1356
f 1406 	1057 	1405
f 1056 	1405 	1057
f 1219 	1276 	1231
f 1231 	1228 	1219
f 1404 	1407 	328
f 1404 	328 	327
f 2147 	2148 	1370
f 1370 	1366 	2147
f 1366 	1553 	2147
f 1388 	1328 	1394
f 1394 	1328 	1400
f 1381 	1342 	1142
f 1379 	1342 	1381
f 1400 	1335 	1379
f 1409 	1402 	1408
f 1401 	1408 	1402
f 1407 	1410 	329
f 1407 	329 	328
f 1751 	1862 	1395
f 1386 	1264 	1095
f 1408 	1412 	1413
f 1408 	1413 	1409
f 982 	1266 	581
f 1411 	1414 	631
f 1411 	631 	629
f 1410 	1253 	329
f 280 	329 	1253
f 1001 	677 	697
f 1412 	1415 	1416
f 1412 	1416 	1413
f 1733 	1743 	1395
f 1414 	1417 	633
f 1414 	633 	631
f 635 	1697 	614
f 1478 	614 	1697
f 1474 	1423 	604
f 1800 	1797 	1317
f 1095 	1097 	1386
f 982 	1003 	1274
f 1415 	1418 	1419
f 1415 	1419 	1416
f 1417 	1420 	637
f 1417 	637 	633
f 1253 	1410 	1341
f 1410 	1407 	1341
f 1404 	1341 	1407
f 1129 	697 	703
f 1405 	1421 	1422
f 1405 	1422 	1406
f 1418 	1424 	1425
f 1418 	1425 	1419
f 1420 	1426 	644
f 1420 	644 	637
f 1424 	1427 	1428
f 1424 	1428 	1425
f 1006 	1287 	1003
f 1274 	1003 	1287
f 1426 	1429 	646
f 1426 	646 	644
f 1427 	1430 	1431
f 1427 	1431 	1428
f 1287 	1006 	1010
f 1287 	1010 	1296
f 1393 	1386 	1097
f 1344 	1432 	331
f 1311 	1800 	1317
f 1421 	1433 	1434
f 1421 	1434 	1422
f 1430 	1490 	1431
f 1296 	1010 	1016
f 1432 	1436 	332
f 1432 	332 	331
f 1438 	1389 	1437
f 1390 	1437 	1389
f 1170 	710 	711
f 1436 	1439 	333
f 1436 	333 	332
f 1389 	1440 	1395
f 1438 	1440 	1389
f 1460 	1395 	1440
f 1213 	711 	713
f 1016 	1021 	1321
f 1439 	1441 	334
f 1439 	334 	333
f 2027 	2026 	1411
f 1414 	2026 	1417
f 137 	142 	1427
f 1424 	137 	1427
f 1418 	123 	1424
f 1415 	116 	1418
f 1412 	108 	1415
f 1408 	78 	1412
f 1401 	34 	1408
f 1512 	1514 	907
f 1472 	1473 	902
f 1025 	1328 	1021
f 1321 	1021 	1328
f 1441 	1443 	335
f 1441 	335 	334
f 1223 	1213 	718
f 713 	718 	1213
f 1444 	1445 	650
f 1444 	650 	648
f 1447 	868 	1446
f 785 	1446 	868
f 1443 	1449 	336
f 1443 	336 	335
f 1328 	1025 	1032
f 1328 	1032 	1335
f 1433 	1438 	1437
f 1433 	1437 	1434
f 1446 	1450 	1451
f 1446 	1451 	1447
f 1590 	1411 	629
f 1539 	1452 	1228
f 1449 	1454 	337
f 1449 	337 	336
f 1223 	718 	1115
f 1342 	1335 	1032
f 1342 	1032 	1034
f 1437 	1455 	1440
f 1437 	1440 	1438
f 1590 	2028 	1411
f 1450 	1456 	1457
f 1450 	1457 	1451
f 1454 	1459 	338
f 1454 	338 	337
f 1460 	1471 	1395
f 1471 	1481 	1395
f 1034 	1045 	1342
f 1348 	1342 	1045
f 596 	650 	1445
f 1456 	1462 	1463
f 1456 	1463 	1457
f 1459 	1464 	339
f 1459 	339 	338
f 1462 	1466 	1467
f 1462 	1467 	1463
f 1440 	1455 	1465
f 1440 	1465 	1460
f 1464 	1468 	340
f 1464 	340 	339
f 1864 	1442 	1453
f 1466 	1469 	1470
f 1466 	1470 	1467
f 1352 	1348 	1045
f 1352 	1045 	1052
f 729 	1243 	725
f 1475 	1444 	648
f 1486 	1395 	1481
f 1512 	902 	1473
f 1468 	1404 	340
f 327 	340 	1404
f 1363 	1352 	1052
f 1363 	1052 	1068
f 648 	655 	1475
f 1460 	1465 	1476
f 1460 	1476 	1471
f 1340 	1250 	1444
f 1475 	1487 	1444
f 1479 	1480 	1481
f 1479 	1481 	1483
f 1068 	593 	1363
f 1471 	1483 	1481
f 1475 	655 	1744
f 1381 	1075 	1074
f 1381 	1074 	1379
f 1456 	753 	1462
f 1450 	753 	1456
f 1485 	1487 	668
f 1485 	668 	667
f 1486 	1481 	1480
f 1486 	1480 	1488
f 1381 	970 	1075
f 1477 	1539 	1482
f 1490 	1491 	1431
f 743 	1270 	1261
f 1797 	604 	1423
f 1484 	1482 	1539
f 1490 	1493 	1494
f 1490 	1494 	1491
f 1404 	1468 	1341
f 1464 	1459 	1341
f 1459 	1454 	1341
f 1454 	1449 	1341
f 1344 	1341 	1449
f 1443 	1432 	1449
f 1441 	1432 	1443
f 1439 	1436 	1441
f 1436 	1432 	1441
f 1344 	1449 	1432
f 1270 	743 	746
f 1539 	1492 	1489
f 1489 	1484 	1539
f 1485 	1444 	1487
f 1479 	1483 	1486
f 1479 	1486 	1488
f 1493 	1497 	1498
f 1493 	1498 	1494
f 1089 	1088 	1388
f 1471 	1476 	1479
f 1471 	1479 	1483
f 669 	1498 	1497
f 1400 	1073 	1089
f 1485 	1330 	1444
f 1336 	1444 	1330
f 1496 	1539 	1499
f 1074 	1073 	1400
f 1074 	1400 	1379
f 1403 	1795 	330
f 1292 	749 	1301
f 1624 	1486 	1614
f 1483 	1614 	1486
f 1506 	1614 	1483
f 1506 	1433 	1208
f 399 	330 	1795
f 1446 	753 	1450
f 1462 	765 	1466
f 1502 	1534 	1505
f 751 	763 	1301
f 1509 	1131 	355
f 1506 	1483 	1479
f 1506 	1479 	1510
f 1323 	1326 	1485
f 1509 	1513 	1132
f 1509 	1132 	1131
f 1470 	1469 	1687
f 1511 	1687 	1469
f 1517 	913 	1516
f 1518 	913 	1517
f 907 	1516 	913
f 1438 	1433 	1506
f 1421 	1208 	1433
f 1405 	1208 	1421
f 1056 	1194 	1405
f 1049 	1194 	1056
f 1513 	1521 	1133
f 1513 	1133 	1132
f 1511 	1522 	1687
f 2096 	2097 	1403
f 1515 	1864 	1504
f 1508 	1505 	1534
f 1437 	1438 	1506
f 1437 	1506 	1510
f 1522 	1524 	1694
f 1530 	1542 	1172
f 1521 	1523 	1135
f 1521 	1135 	1133
f 1525 	1533 	347
f 1525 	347 	346
f 1524 	1528 	1535
f 1524 	1535 	1694
f 1527 	1864 	1515
f 667 	1526 	1485
f 1523 	1531 	1136
f 1523 	1136 	1135
f 1529 	1536 	1538
f 1529 	1538 	1532
f 1533 	1537 	348
f 1533 	348 	347
f 1175 	1172 	1542
f 1522 	1081 	1524
f 1528 	1524 	1507
f 1511 	1081 	1522
f 1466 	765 	1469
f 1469 	1081 	1511
f 1531 	1541 	1138
f 1531 	1138 	1136
f 1551 	1538 	1536
f 1551 	1536 	1547
f 1353 	1323 	1526
f 1485 	1526 	1323
f 1537 	1543 	349
f 1537 	349 	348
f 1500 	1864 	1453
f 1541 	1545 	1141
f 1541 	1141 	1138
f 1178 	1175 	1542
f 1543 	1546 	341
f 1543 	341 	349
f 1526 	674 	1353
f 1502 	1501 	1534
f 1501 	1499 	1534
f 1539 	1534 	1499
f 1539 	1496 	1492
f 1461 	1458 	1539
f 1477 	1461 	1539
f 1458 	1452 	1539
f 1219 	1228 	1452
f 1545 	1549 	1106
f 1545 	1106 	1141
f 1546 	1552 	342
f 1546 	342 	341
f 1547 	1554 	1555
f 1547 	1555 	1551
f 1292 	1301 	1059
f 1550 	1185 	1542
f 1500 	1504 	1864
f 1549 	1557 	1110
f 1549 	1110 	1106
f 615 	681 	1366
f 1552 	1558 	343
f 1552 	343 	342
f 1554 	1559 	1560
f 1554 	1560 	1555
f 1507 	1535 	1528
f 1557 	1562 	1111
f 1557 	1111 	1110
f 1559 	1564 	1566
f 1559 	1566 	1560
f 1558 	1565 	344
f 1558 	344 	343
f 1556 	1563 	179
f 1556 	179 	177
f 1737 	1864 	1561
f 1562 	1567 	1113
f 1562 	1113 	1111
f 1062 	1520 	1165
f 1301 	1520 	1062
f 1565 	1568 	345
f 1565 	345 	344
f 1563 	1571 	180
f 1563 	180 	179
f 1564 	1569 	1572
f 1564 	1572 	1566
f 1583 	2132 	1503
f 1519 	1503 	2132
f 1544 	1519 	2132
f 1528 	1535 	1570
f 1569 	1576 	1577
f 1569 	1577 	1572
f 1571 	1575 	181
f 1571 	181 	180
f 1641 	1598 	1570
f 1160 	1113 	1567
f 1573 	1737 	1561
f 1576 	1579 	1581
f 1576 	1581 	1577
f 1575 	1580 	182
f 1575 	182 	181
f 1580 	1585 	185
f 1580 	185 	182
f 1579 	1586 	1587
f 1579 	1587 	1581
f 1586 	1590 	1591
f 1586 	1591 	1587
f 1585 	1589 	186
f 1585 	186 	185
f 1540 	1548 	1864
f 1584 	1737 	1573
f 1588 	1675 	783
f 2132 	2147 	1544
f 1578 	2132 	1583
f 1589 	1722 	186
f 1574 	1185 	1550
f 1582 	1574 	1550
f 1178 	1542 	1185
f 1593 	1588 	1727
f 1593 	1641 	1588
f 1594 	1596 	687
f 1537 	1873 	1543
f 1533 	1869 	1537
f 1525 	1867 	1533
f 1558 	1642 	1565
f 1882 	1634 	1552
f 1543 	1882 	1546
f 1546 	1882 	1552
f 1531 	1899 	1541
f 1523 	1897 	1531
f 1521 	1893 	1523
f 1541 	1907 	1545
f 1988 	1998 	1678
f 1592 	1737 	1584
f 1727 	1598 	1593
f 1585 	1580 	1886
f 1885 	1886 	1580
f 1580 	1575 	1885
f 1575 	1571 	1885
f 1877 	1885 	1563
f 1556 	1877 	1563
f 1597 	1600 	800
f 1579 	1918 	1586
f 1576 	1918 	1579
f 1569 	1910 	1576
f 1564 	1911 	1569
f 1559 	2021 	1564
f 2005 	2010 	1536
f 1529 	2005 	1536
f 1590 	1586 	2025
f 2025 	2028 	1590
f 1495 	1737 	1592
f 1601 	1603 	1147
f 1601 	1147 	1145
f 642 	682 	1660
f 1600 	1201 	800
f 1606 	1324 	1605
f 1225 	1324 	1606
f 1602 	1607 	194
f 1602 	194 	193
f 1423 	1448 	1318
f 1603 	1609 	1149
f 1603 	1149 	1147
f 1528 	1570 	1598
f 1598 	1641 	1593
f 1503 	678 	1583
f 1607 	1610 	195
f 1607 	195 	194
f 955 	1749 	1595
f 1734 	1616 	1613
f 1611 	1613 	1616
f 1609 	1615 	1150
f 1609 	1150 	1149
f 1614 	1606 	1605
f 1614 	1605 	1617
f 1610 	1618 	188
f 1610 	188 	195
f 1613 	1619 	1734
f 678 	1503 	679
f 1519 	679 	1503
f 1615 	1621 	1144
f 1615 	1144 	1150
f 691 	725 	1115
f 1618 	1622 	189
f 1618 	189 	188
f 1458 	1442 	1435
f 1624 	1614 	1617
f 1624 	1617 	1625
f 606 	1353 	674
f 1622 	1627 	191
f 1622 	191 	189
f 1623 	1164 	1358
f 1526 	667 	674
f 1614 	1506 	1606
f 1461 	1453 	1458
f 1442 	1458 	1453
f 1627 	1556 	191
f 177 	191 	1556
f 679 	1519 	680
f 1544 	680 	1519
f 1626 	1509 	355
f 1628 	1624 	1625
f 1628 	1625 	1629
f 1613 	1611 	1134
f 1121 	1127 	1611
f 1507 	1121 	1611
f 1453 	1461 	1500
f 1601 	1639 	1603
f 1609 	1603 	1639
f 1615 	1609 	1639
f 1606 	1506 	1225
f 1148 	703 	705
f 1553 	681 	680
f 1553 	680 	1544
f 1567 	1630 	1160
f 1622 	1618 	1872
f 1872 	1877 	1622
f 1618 	1610 	1872
f 1602 	1872 	1607
f 1607 	1872 	1610
f 1631 	1628 	1629
f 1631 	1629 	1632
f 1448 	1423 	1474
f 1676 	1681 	1620
f 1612 	1676 	1620
f 1608 	1672 	1612
f 1604 	1663 	1608
f 1568 	1649 	1599
f 1599 	1656 	1604
f 1601 	1145 	1157
f 1553 	1366 	681
f 1670 	1633 	197
f 1735 	1754 	1616
f 1628 	1671 	1624
f 1631 	1668 	1628
f 1478 	1473 	1474
f 705 	710 	1148
f 1170 	1148 	710
f 1633 	1635 	198
f 1633 	198 	197
f 1507 	1611 	1616
f 1636 	1631 	1632
f 1636 	1632 	1637
f 1630 	1638 	1162
f 1630 	1162 	1160
f 1583 	684 	683
f 1583 	683 	1578
f 198 	1635 	2054
f 1636 	1668 	1631
f 1157 	1153 	1639
f 1640 	1636 	1637
f 1640 	1637 	1643
f 678 	684 	1583
f 145 	149 	1667
f 1061 	747 	1675
f 1646 	1588 	1641
f 1675 	1588 	1646
f 1642 	1634 	357
f 701 	1594 	686
f 1594 	687 	686
f 1611 	1675 	1646
f 1645 	1640 	1643
f 1645 	1643 	1647
f 1153 	565 	1639
f 1461 	1477 	1500
f 718 	691 	1115
f 687 	1596 	2133
f 1644 	1648 	204
f 1644 	204 	203
f 357 	358 	1642
f 1649 	1642 	358
f 1648 	1650 	205
f 1648 	205 	204
f 1651 	1653 	694
f 1651 	694 	693
f 1652 	1645 	1647
f 1652 	1647 	1654
f 1642 	1558 	1634
f 1649 	1568 	1642
f 1713 	1712 	1274
f 1712 	1709 	1274
f 1705 	1702 	375
f 1653 	1655 	695
f 1653 	695 	694
f 1656 	1649 	358
f 1638 	1657 	1163
f 1638 	1163 	1162
f 1646 	1616 	1611
f 1655 	1658 	696
f 1655 	696 	695
f 1658 	1660 	698
f 1658 	698 	696
f 1656 	1599 	1649
f 1650 	1661 	206
f 1650 	206 	205
f 1639 	1659 	1157
f 1660 	1662 	699
f 1660 	699 	698
f 1482 	1504 	1477
f 1500 	1477 	1504
f 1661 	1664 	208
f 1661 	208 	206
f 1659 	1601 	1157
f 1662 	1665 	700
f 1662 	700 	699
f 1640 	1668 	1636
f 1624 	1673 	1486
f 1504 	1482 	1484
f 1504 	1484 	1515
f 1665 	1666 	701
f 1665 	701 	700
f 1664 	1667 	209
f 1664 	209 	208
f 739 	1261 	735
f 1666 	1594 	701
f 1489 	1527 	1484
f 1515 	1484 	1527
f 1667 	1669 	212
f 1667 	212 	209
f 1261 	739 	743
f 1489 	1492 	1527
f 1540 	1527 	1492
f 1669 	1670 	213
f 1669 	213 	212
f 1663 	1604 	1656
f 197 	213 	1670
f 1640 	1645 	1668
f 1671 	1628 	1668
f 638 	642 	1658
f 1658 	1655 	638
f 1655 	1653 	630
f 625 	630 	1653
f 1653 	1651 	625
f 1651 	1997 	921
f 918 	921 	1997
f 910 	918 	1992
f 1548 	1540 	1492
f 1548 	1492 	1496
f 1292 	746 	749
f 646 	1429 	1674
f 1672 	1608 	1663
f 1496 	1499 	1548
f 1561 	1548 	1499
f 751 	1301 	749
f 1659 	1639 	1601
f 1676 	1672 	362
f 145 	1664 	136
f 1648 	113 	1650
f 1667 	1664 	145
f 1661 	136 	1664
f 1650 	136 	1661
f 124 	136 	1650
f 1644 	107 	1648
f 1657 	1678 	1166
f 1657 	1166 	1163
f 1676 	1612 	1672
f 1501 	1573 	1499
f 1561 	1499 	1573
f 1677 	1486 	1673
f 1678 	1679 	1168
f 1678 	1168 	1166
f 1520 	1301 	763
f 398 	221 	1680
f 1681 	1676 	362
f 2068 	2072 	1674
f 1426 	2063 	1429
f 1584 	1573 	1501
f 1507 	1616 	1684
f 1679 	1683 	1169
f 1679 	1169 	1168
f 1682 	1677 	1814
f 1681 	1689 	1626
f 1520 	763 	766
f 1520 	766 	1530
f 1683 	1686 	1171
f 1683 	1171 	1169
f 1688 	1680 	221
f 1688 	221 	225
f 1682 	1486 	1677
f 1592 	1584 	1505
f 774 	1542 	766
f 1530 	766 	1542
f 89 	1171 	1686
f 89 	1686 	88
f 1687 	1522 	1691
f 1722 	1589 	1886
f 1739 	1736 	1688
f 1693 	1682 	1814
f 777 	1550 	774
f 1542 	774 	1550
f 1522 	1694 	1691
f 1695 	1688 	225
f 1695 	225 	236
f 1592 	1505 	1495
f 1652 	1668 	1645
f 1693 	1486 	1682
f 1565 	1642 	1568
f 787 	1582 	777
f 1550 	777 	1582
f 1694 	1535 	1696
f 1988 	1657 	1978
f 1657 	1988 	1678
f 1638 	1978 	1657
f 1630 	1972 	1638
f 1567 	1966 	1630
f 1589 	1585 	1886
f 1742 	1739 	1695
f 1473 	1697 	1512
f 1621 	1700 	1197
f 1621 	1197 	1144
f 1699 	1695 	236
f 1699 	236 	247
f 784 	1186 	1185
f 1197 	1700 	1702
f 1197 	1702 	1198
f 1598 	1730 	1535
f 1699 	1742 	1695
f 1582 	787 	784
f 1582 	784 	1574
f 1702 	1705 	1199
f 1702 	1199 	1198
f 1701 	1707 	1516
f 1705 	1709 	1200
f 1705 	1200 	1199
f 1706 	1699 	247
f 1706 	247 	251
f 1626 	1620 	1681
f 1509 	1626 	1689
f 1888 	1513 	1689
f 1709 	1712 	1202
f 1709 	1202 	1200
f 955 	1595 	797
f 1528 	1598 	1535
f 1711 	1703 	1837
f 1706 	1745 	1699
f 1707 	1710 	1516
f 1712 	1713 	1204
f 1712 	1204 	1202
f 345 	1568 	350
f 1599 	350 	1568
f 1673 	1624 	1671
f 1395 	1486 	1711
f 1696 	1535 	1684
f 1507 	1684 	1535
f 797 	1595 	798
f 1597 	798 	1595
f 1713 	1716 	1205
f 1713 	1205 	1204
f 1535 	1696 	1717
f 1535 	1717 	1570
f 800 	798 	1597
f 350 	1599 	351
f 1604 	351 	1599
f 1718 	1711 	1837
f 1716 	1719 	1183
f 1716 	1183 	1205
f 251 	1894 	1706
f 1641 	1570 	1750
f 1717 	1750 	1570
f 1718 	1395 	1711
f 1719 	1721 	1184
f 1719 	1184 	1183
f 1608 	352 	351
f 1608 	351 	1604
f 1722 	270 	186
f 1721 	1724 	1187
f 1721 	1187 	1184
f 1723 	1588 	818
f 783 	818 	1588
f 1720 	1728 	1836
f 1608 	1612 	353
f 1608 	353 	352
f 2155 	1063 	416
f 1722 	1726 	271
f 1722 	271 	270
f 1707 	702 	1710
f 1701 	635 	1707
f 1697 	635 	1701
f 702 	1707 	635
f 1588 	1723 	1727
f 354 	353 	1620
f 1612 	1620 	353
f 1726 	1729 	272
f 1726 	272 	271
f 1727 	1730 	1598
f 1724 	1088 	1187
f 1388 	1088 	1724
f 1725 	1395 	1718
f 1809 	1806 	1708
f 1777 	1836 	1704
f 1620 	1626 	355
f 1620 	355 	354
f 1696 	1535 	1730
f 1729 	1731 	273
f 1729 	273 	272
f 1616 	1734 	1735
f 1731 	1736 	274
f 1731 	274 	273
f 1734 	1619 	1738
f 1736 	1739 	275
f 1736 	275 	274
f 1728 	1704 	1836
f 1685 	1777 	1704
f 1623 	1740 	1738
f 1623 	1738 	1619
f 356 	1634 	1882
f 1741 	1732 	803
f 1741 	803 	807
f 1739 	1742 	276
f 1739 	276 	275
f 1740 	1623 	1358
f 1710 	702 	1715
f 1634 	356 	357
f 1742 	1745 	277
f 1742 	277 	276
f 1611 	1616 	1675
f 1741 	1746 	2155
f 1698 	1486 	1693
f 375 	1266 	1705
f 369 	375 	1702
f 1702 	1700 	369
f 263 	369 	1700
f 1700 	1621 	263
f 1621 	1615 	263
f 1639 	263 	1615
f 1709 	1705 	1266
f 1274 	1287 	1713
f 1266 	1274 	1709
f 1716 	1713 	1287
f 1719 	1716 	1296
f 1310 	1721 	1296
f 1310 	1321 	1724
f 1719 	1296 	1721
f 1724 	1721 	1310
f 1746 	1741 	807
f 1746 	807 	813
f 358 	359 	1656
f 1746 	1749 	2155
f 1684 	1616 	1735
f 1749 	1746 	813
f 1749 	813 	817
f 360 	1663 	359
f 1656 	359 	1663
f 1698 	1703 	1486
f 1703 	1711 	1486
f 1733 	1395 	1725
f 1954 	1951 	1758
f 1958 	1954 	1758
f 1752 	1646 	1750
f 1641 	1750 	1646
f 1663 	360 	361
f 1663 	361 	1672
f 1735 	1616 	1752
f 1646 	1752 	1616
f 1472 	1448 	1474
f 1753 	1748 	740
f 1672 	361 	362
f 1675 	1754 	940
f 940 	1126 	1675
f 1732 	2155 	1823
f 1063 	2155 	1749
f 1435 	1217 	1452
f 1736 	1731 	1688
f 1680 	1688 	1731
f 1731 	1729 	1680
f 1726 	1680 	1729
f 1722 	1886 	1726
f 1675 	1616 	1754
f 362 	363 	1681
f 1743 	1751 	1395
f 1435 	1452 	1458
f 1758 	1692 	1958
f 364 	1689 	363
f 1681 	363 	1689
f 1745 	1755 	287
f 1745 	287 	277
f 28 	29 	175
f 1755 	1759 	288
f 1755 	288 	287
f 740 	745 	1753
f 1758 	1753 	745
f 364 	1888 	1689
f 1759 	1761 	289
f 1759 	289 	288
f 1783 	1958 	1692
f 399 	1795 	645
f 1761 	1763 	290
f 1761 	290 	289
f 1757 	1747 	201
f 1762 	1529 	1532
f 1692 	1758 	745
f 1472 	1474 	1473
f 1763 	1766 	293
f 1763 	293 	290
f 1766 	1773 	294
f 1766 	294 	293
f 1478 	1697 	1473
f 1785 	1783 	1692
f 1690 	1789 	1692
f 1836 	1818 	1720
f 1760 	1982 	1762
f 218 	171 	1747
f 175 	1747 	171
f 1765 	1595 	1749
f 1764 	1776 	1595
f 1773 	38 	39
f 1773 	39 	294
f 1534 	1737 	1508
f 2113 	645 	1795
f 1597 	1595 	1776
f 171 	218 	170
f 1900 	1905 	1763
f 1763 	1761 	1900
f 1759 	1898 	1761
f 1755 	1894 	1759
f 1745 	1706 	1755
f 1772 	1780 	406
f 1772 	406 	405
f 1817 	1815 	1720
f 1063 	1749 	955
f 1778 	1844 	1597
f 1070 	1782 	304
f 1782 	1784 	305
f 1782 	305 	304
f 1784 	1786 	306
f 1784 	306 	305
f 1779 	1932 	1781
f 1932 	1968 	1781
f 1895 	1932 	1779
f 219 	170 	218
f 30 	93 	175
f 1785 	1787 	768
f 1786 	1788 	296
f 1786 	296 	306
f 1765 	1764 	1595
f 1776 	1778 	1597
f 1865 	1201 	1860
f 1747 	175 	201
f 1787 	1789 	768
f 1780 	1790 	407
f 1780 	407 	406
f 1788 	1792 	298
f 1788 	298 	296
f 1800 	853 	1797
f 1792 	1796 	299
f 1792 	299 	298
f 1791 	1798 	1668
f 1671 	1668 	1798
f 1796 	1801 	300
f 1796 	300 	299
f 1673 	1671 	1798
f 1673 	1798 	1804
f 1801 	1803 	301
f 1801 	301 	300
f 1790 	1805 	408
f 1790 	408 	407
f 1802 	1806 	772
f 604 	1797 	853
f 1804 	1807 	1673
f 1677 	1673 	1807
f 1805 	1808 	409
f 1805 	409 	408
f 1808 	1813 	410
f 1808 	410 	409
f 1584 	1501 	1502
f 1814 	1677 	1807
f 1708 	1714 	1809
f 1806 	1809 	772
f 1784 	1148 	1786
f 1191 	1213 	1796
f 1796 	1792 	1191
f 1170 	1191 	1788
f 1786 	1170 	1788
f 779 	968 	1816
f 1848 	1849 	1824
f 1824 	1820 	1848
f 1811 	1848 	1820
f 1820 	470 	1810
f 622 	470 	621
f 1505 	1584 	1502
f 346 	410 	1813
f 346 	1813 	1525
f 1693 	1814 	1819
f 1803 	1821 	373
f 1803 	373 	301
f 1505 	1508 	1495
f 623 	1810 	470
f 1698 	1693 	1819
f 1698 	1819 	1827
f 862 	866 	1816
f 1823 	1816 	866
f 1821 	1828 	374
f 1821 	374 	373
f 761 	1815 	1817
f 1697 	1701 	1514
f 1697 	1514 	1512
f 1698 	1827 	1832
f 1698 	1832 	1703
f 1810 	1811 	1820
f 866 	1732 	1823
f 1828 	1830 	376
f 1828 	376 	374
f 1701 	1516 	1514
f 1703 	1832 	1837
f 1808 	1805 	1855
f 1805 	1790 	1855
f 1841 	1855 	1790
f 1780 	1841 	1790
f 1772 	1841 	1780
f 1830 	1839 	377
f 1830 	377 	376
f 1837 	1840 	1718
f 1710 	1517 	1516
f 969 	952 	890
f 914 	969 	890
f 889 	890 	952
f 1839 	1842 	378
f 1839 	378 	377
f 1843 	1725 	1840
f 1718 	1840 	1725
f 1715 	1518 	1517
f 1715 	1517 	1710
f 1842 	1845 	379
f 1842 	379 	378
f 985 	928 	894
f 1725 	1843 	1846
f 1725 	1846 	1733
f 825 	992 	1715
f 1845 	1847 	380
f 1845 	380 	379
f 1720 	1815 	1714
f 1812 	1809 	1714
f 1812 	1714 	1815
f 1690 	1708 	1806
f 1806 	1802 	1690
f 1802 	1799 	1690
f 1799 	1789 	1690
f 1789 	1787 	1692
f 1785 	1692 	1787
f 917 	891 	926
f 891 	894 	926
f 1852 	1743 	1846
f 1733 	1846 	1743
f 926 	928 	927
f 1674 	707 	646
f 1847 	1854 	382
f 1847 	382 	380
f 1856 	1600 	1844
f 1855 	1861 	1808
f 926 	894 	928
f 985 	989 	928
f 1674 	546 	707
f 1854 	1042 	1044
f 1854 	1044 	382
f 1849 	1850 	1824
f 1829 	1824 	1850
f 1850 	1851 	1829
f 1834 	1829 	1851
f 1851 	1853 	1834
f 1838 	1834 	1853
f 1838 	1853 	1857
f 1858 	479 	1857
f 992 	1518 	1715
f 1860 	1856 	901
f 1396 	1395 	1862
f 750 	1777 	727
f 1685 	727 	1777
f 1495 	1508 	1737
f 947 	927 	948
f 927 	931 	948
f 1860 	1201 	1856
f 1852 	1862 	1751
f 1743 	1852 	1751
f 1539 	1228 	1864
f 1226 	1864 	1228
f 1690 	1692 	709
f 1690 	709 	708
f 1919 	948 	1933
f 1865 	1860 	901
f 1756 	1866 	1781
f 714 	1708 	708
f 1690 	708 	1708
f 1864 	1534 	1539
f 1737 	1534 	1864
f 621 	470 	620
f 681 	615 	455
f 1863 	680 	455
f 678 	679 	1863
f 947 	952 	969
f 1938 	1933 	948
f 1866 	1756 	1868
f 1760 	1868 	1756
f 728 	727 	1704
f 1685 	1704 	727
f 1597 	1844 	1600
f 917 	969 	914
f 1243 	1254 	1839
f 1839 	1830 	1243
f 1237 	1243 	1830
f 1830 	1828 	1237
f 1828 	1821 	1115
f 1821 	1803 	1115
f 1223 	1115 	1803
f 1803 	1801 	1223
f 1801 	1796 	1213
f 1854 	1847 	1270
f 684 	1863 	683
f 1868 	1760 	1870
f 1762 	1870 	1760
f 714 	719 	1708
f 1714 	1708 	719
f 1864 	1226 	1435
f 1442 	1864 	1435
f 1217 	1435 	1226
f 1548 	1561 	1864
f 1527 	1540 	1864
f 1813 	1808 	1861
f 1869 	1533 	1867
f 683 	1863 	1876
f 1762 	1532 	1870
f 1720 	1714 	719
f 1720 	719 	721
f 721 	723 	1720
f 1728 	1720 	723
f 1873 	1537 	1869
f 1875 	1306 	1871
f 835 	832 	1881
f 613 	835 	1881
f 1880 	1881 	832
f 1704 	1728 	723
f 1704 	723 	728
f 1556 	1627 	1877
f 1781 	1883 	1878
f 1781 	1878 	1779
f 1884 	1875 	916
f 655 	733 	1744
f 931 	989 	1293
f 931 	928 	989
f 994 	1298 	989
f 1298 	1293 	989
f 1298 	994 	1000
f 1298 	1000 	1014
f 1019 	1303 	1014
f 1024 	1303 	1019
f 1029 	1303 	1024
f 1036 	1309 	1029
f 1039 	1309 	1036
f 1050 	1314 	1039
f 1867 	1813 	1861
f 1882 	1543 	1873
f 1866 	1883 	1781
f 455 	616 	464
f 1744 	733 	736
f 1744 	736 	1748
f 1884 	1311 	1875
f 1571 	1563 	1885
f 1748 	736 	740
f 1886 	1885 	398
f 1800 	1884 	916
f 623 	470 	622
f 464 	620 	470
f 1668 	279 	286
f 1813 	1867 	1525
f 1558 	1552 	1634
f 1838 	1857 	479
f 128 	132 	1887
f 745 	709 	1692
f 1680 	1886 	398
f 1306 	1875 	1311
f 1423 	1317 	1797
f 1871 	1306 	1865
f 1800 	1311 	1884
f 604 	614 	1474
f 1967 	1963 	1332
f 830 	1764 	831
f 1765 	831 	1764
f 1777 	750 	1836
f 495 	479 	1858
f 1262 	1332 	1963
f 1680 	1726 	1886
f 1668 	1652 	279
f 1858 	1859 	495
f 25 	1 	1874
f 164 	1874 	1
f 1956 	1953 	1267
f 1765 	1749 	831
f 817 	831 	1749
f 780 	1783 	776
f 501 	495 	1859
f 1654 	5 	1652
f 1277 	1273 	931
f 1764 	830 	834
f 1764 	834 	1776
f 1893 	1521 	1888
f 776 	1783 	767
f 1785 	767 	1783
f 504 	501 	1391
f 1859 	1391 	501
f 1282 	1277 	931
f 1289 	1282 	931
f 845 	1778 	834
f 1776 	834 	1778
f 170 	163 	2
f 768 	767 	1785
f 1791 	1668 	286
f 508 	504 	1398
f 1391 	1398 	504
f 1293 	1289 	931
f 1778 	845 	1844
f 1897 	1523 	1893
f 1789 	769 	768
f 5 	279 	1652
f 1898 	1759 	1894
f 1402 	1409 	525
f 525 	508 	1402
f 1398 	1402 	508
f 854 	853 	1800
f 1298 	1014 	1303
f 1887 	105 	1874
f 25 	1874 	105
f 1779 	1878 	1895
f 1896 	1895 	1878
f 1509 	1689 	1513
f 1799 	770 	769
f 1799 	769 	1789
f 1303 	1029 	1309
f 1309 	1039 	1314
f 1050 	1057 	1314
f 770 	1799 	771
f 1802 	771 	1799
f 534 	1413 	543
f 1894 	1755 	1706
f 1742 	1699 	1745
f 1057 	1406 	1314
f 545 	1419 	552
f 2 	163 	164
f 1 	2 	164
f 862 	1816 	968
f 772 	771 	1802
f 1902 	1904 	1906
f 1902 	1906 	1903
f 1901 	1541 	1899
f 543 	1416 	545
f 552 	1425 	555
f 1904 	148 	1906
f 1812 	754 	757
f 1812 	757 	1809
f 1319 	1314 	1406
f 1688 	1695 	1739
f 1425 	1428 	555
f 1815 	756 	754
f 1815 	754 	1812
f 402 	2080 	1902
f 560 	555 	1428
f 1732 	866 	803
f 592 	1491 	597
f 601 	597 	1498
f 1912 	1545 	1907
f 82 	1909 	1910
f 82 	1910 	1911
f 756 	1815 	761
f 1900 	1761 	1898
f 1908 	1766 	1905
f 1498 	806 	601
f 845 	869 	1844
f 1809 	757 	772
f 1944 	1940 	948
f 952 	948 	1919
f 1940 	1938 	948
f 1919 	889 	952
f 530 	525 	1409
f 1513 	1888 	1521
f 1844 	869 	871
f 1844 	871 	1856
f 761 	1817 	759
f 1818 	759 	1817
f 1766 	1763 	1905
f 1916 	1773 	1908
f 1273 	1267 	1953
f 1332 	1329 	1967
f 1969 	1967 	1329
f 1918 	1910 	1909
f 1918 	1909 	1920
f 1856 	871 	901
f 1933 	1927 	1919
f 1915 	1917 	1927
f 1926 	1923 	1913
f 1097 	1114 	1393
f 1921 	1549 	1912
f 901 	906 	1865
f 1922 	38 	1916
f 1918 	1920 	86
f 1836 	773 	759
f 759 	1818 	1836
f 909 	1871 	906
f 1865 	906 	1871
f 605 	601 	806
f 1918 	1576 	1910
f 750 	773 	1836
f 1899 	1531 	1897
f 1399 	1120 	1923
f 786 	668 	1929
f 1487 	1929 	668
f 1925 	38 	1922
f 806 	809 	605
f 592 	560 	1431
f 1928 	2026 	1930
f 1871 	909 	915
f 1871 	915 	1875
f 2012 	12 	1383
f 1929 	1931 	788
f 1929 	788 	786
f 1931 	1934 	789
f 1931 	789 	788
f 1875 	915 	916
f 693 	694 	626
f 1935 	1928 	1930
f 1935 	1930 	1936
f 1934 	1937 	790
f 1934 	790 	789
f 1907 	1541 	1901
f 1924 	1557 	1921
f 1549 	1545 	1912
f 1913 	1914 	1926
f 634 	626 	694
f 1937 	1941 	791
f 1937 	791 	790
f 1914 	1915 	1926
f 916 	854 	1800
f 1355 	1360 	1372
f 1360 	110 	1372
f 110 	106 	1372
f 1766 	1908 	1773
f 503 	1841 	1942
f 1927 	1926 	1915
f 1930 	1939 	1932
f 1930 	1932 	1928
f 1945 	933 	2083
f 1941 	1943 	792
f 1941 	792 	791
f 829 	824 	1879
f 698 	699 	819
f 819 	643 	698
f 695 	696 	641
f 694 	695 	634
f 1945 	1948 	934
f 1945 	934 	933
f 1943 	1947 	793
f 1943 	793 	792
f 405 	503 	1772
f 1942 	1772 	503
f 1917 	1919 	1927
f 1947 	1951 	827
f 1947 	827 	793
f 1948 	1952 	935
f 1948 	935 	934
f 1971 	1932 	1939
f 45 	42 	1949
f 1952 	1955 	936
f 1952 	936 	935
f 1862 	1852 	1396
f 1843 	1840 	1396
f 610 	608 	812
f 613 	610 	870
f 812 	870 	610
f 809 	812 	608
f 1946 	1944 	948
f 1951 	1954 	828
f 1951 	828 	827
f 1841 	1772 	1942
f 1955 	1957 	937
f 1955 	937 	936
f 1950 	1946 	948
f 948 	931 	1950
f 1954 	1958 	780
f 1954 	780 	828
f 1957 	1959 	938
f 1957 	938 	937
f 1968 	1930 	1928
f 1783 	780 	1958
f 1840 	1837 	1396
f 1959 	1961 	930
f 1959 	930 	938
f 931 	1273 	1950
f 641 	634 	695
f 1962 	1935 	1936
f 1962 	1936 	1964
f 1437 	1390 	1455
f 1465 	1455 	1396
f 1961 	1644 	930
f 203 	930 	1644
f 1390 	1396 	1455
f 1965 	45 	1949
f 1962 	1756 	1935
f 1953 	1950 	1273
f 1966 	1567 	1960
f 1465 	1396 	1476
f 1968 	1932 	1971
f 1267 	1262 	1956
f 1963 	1956 	1262
f 643 	641 	696
f 696 	698 	643
f 1476 	1480 	1479
f 1748 	1753 	1937
f 1941 	1937 	1753
f 1937 	1934 	1748
f 1744 	1748 	1934
f 1943 	1941 	1753
f 1934 	1931 	1744
f 1931 	1929 	1744
f 1475 	1744 	1929
f 1487 	1475 	1929
f 1947 	1943 	1753
f 1951 	1947 	1758
f 1818 	1817 	1720
f 1753 	1758 	1947
f 1968 	1928 	1935
f 1955 	2008 	1957
f 1952 	2003 	1955
f 1948 	1996 	1952
f 1957 	2019 	1959
f 1945 	1985 	1948
f 1959 	2023 	1961
f 1961 	2024 	1644
f 1476 	1396 	1480
f 1972 	1630 	1966
f 1383 	1974 	1329
f 1969 	1329 	1974
f 1970 	49 	1965
f 1973 	1977 	837
f 1973 	837 	836
f 1930 	1968 	1971
f 1977 	1979 	838
f 1977 	838 	837
f 1982 	1962 	1964
f 1982 	1964 	1983
f 1960 	1562 	1924
f 1978 	1638 	1972
f 1974 	1383 	1975
f 1990 	68 	1981
f 1979 	1986 	841
f 1979 	841 	838
f 1980 	1975 	1383
f 1935 	1756 	1968
f 1986 	1989 	842
f 1986 	842 	841
f 1383 	1987 	1984
f 1984 	1980 	1383
f 1985 	1945 	1976
f 1562 	1557 	1924
f 1679 	1678 	1998
f 1989 	1992 	843
f 1989 	843 	842
f 1993 	1982 	1983
f 1993 	1983 	1994
f 2000 	2004 	435
f 1992 	1997 	844
f 1992 	844 	843
f 1993 	1762 	1982
f 1996 	1948 	1985
f 1997 	1651 	844
f 693 	844 	1651
f 2001 	1993 	1994
f 2001 	1994 	2002
f 1991 	1383 	1995
f 1987 	1383 	1991
f 1995 	1383 	1999
f 1982 	1760 	1962
f 1549 	1921 	1557
f 1683 	1679 	1998
f 484 	487 	2000
f 1999 	1383 	10
f 2005 	2001 	2002
f 2005 	2002 	2007
f 1992 	1989 	910
f 1989 	1986 	903
f 1054 	1066 	1986
f 1986 	1979 	1054
f 1977 	1041 	1979
f 1973 	1031 	1977
f 1981 	62 	1970
f 2003 	1952 	1996
f 10 	1383 	12
f 2005 	1529 	2001
f 30 	175 	29
f 2006 	1683 	1998
f 37 	33 	2012
f 33 	12 	2012
f 2010 	2005 	2007
f 2010 	2007 	16
f 2012 	66 	51
f 51 	37 	2012
f 2009 	443 	2004
f 2001 	1762 	1993
f 1547 	1536 	2010
f 1562 	1960 	1567
f 2011 	1686 	2006
f 1143 	2014 	1913
f 2015 	2010 	16
f 2015 	16 	13
f 2014 	2017 	1913
f 2016 	1957 	2008
f 540 	4 	2011
f 687 	1879 	824
f 1773 	1916 	38
f 2013 	448 	2009
f 440 	435 	2004
f 1756 	1962 	1760
f 2015 	1554 	2010
f 2019 	2016 	964
f 1683 	2006 	1686
f 28 	171 	46
f 2021 	2015 	13
f 2021 	13 	80
f 1488 	1804 	1625
f 1625 	1617 	1488
f 1479 	1488 	1617
f 1879 	1880 	829
f 832 	829 	1880
f 835 	613 	870
f 170 	48 	171
f 2021 	1559 	2015
f 2020 	2022 	1919
f 2023 	2019 	964
f 1911 	2021 	80
f 1911 	80 	82
f 1855 	1841 	412
f 1855 	412 	419
f 418 	1898 	1894
f 1510 	1319 	1434
f 1437 	1510 	1434
f 1322 	1319 	1510
f 1406 	1422 	1319
f 1422 	1434 	1319
f 2023 	1959 	2019
f 861 	1919 	2022
f 847 	865 	848
f 419 	423 	1855
f 1861 	1855 	423
f 1762 	2001 	1529
f 1911 	1564 	2021
f 1910 	1569 	1911
f 1547 	2010 	1554
f 82 	80 	1566
f 1898 	418 	422
f 1898 	422 	1900
f 1867 	1861 	423
f 1867 	423 	428
f 2024 	2023 	974
f 629 	1591 	1590
f 427 	1905 	422
f 1900 	422 	1905
f 428 	433 	1867
f 1869 	1867 	433
f 2024 	1961 	2023
f 865 	867 	848
f 867 	868 	848
f 868 	1447 	848
f 848 	1463 	856
f 2017 	2038 	2018
f 2014 	2038 	2017
f 1143 	2037 	2014
f 1139 	2037 	1143
f 1905 	427 	429
f 1905 	429 	1908
f 86 	2025 	1918
f 1566 	1572 	82
f 80 	13 	1560
f 1909 	82 	1572
f 1572 	1577 	1909
f 1577 	1581 	1920
f 1581 	1587 	1920
f 629 	92 	1591
f 86 	1920 	1587
f 1591 	86 	1587
f 107 	2024 	974
f 1873 	1869 	433
f 1873 	433 	437
f 434 	1916 	429
f 1908 	429 	1916
f 2025 	1586 	1918
f 1324 	1322 	1510
f 1882 	1873 	437
f 1882 	437 	444
f 2025 	86 	92
f 2052 	885 	2047
f 2047 	885 	2042
f 2018 	2040 	2020
f 2020 	2040 	2022
f 1882 	444 	356
f 837 	838 	1320
f 1916 	434 	1922
f 1554 	2015 	1559
f 1617 	1605 	1510
f 1605 	1324 	1510
f 456 	1888 	364
f 1922 	445 	1925
f 1325 	1320 	838
f 1159 	1143 	1913
f 2026 	2027 	103
f 2026 	103 	102
f 113 	1648 	107
f 107 	1644 	2024
f 2019 	1957 	2016
f 1510 	1479 	1617
f 1913 	2017 	1914
f 461 	1949 	445
f 1925 	445 	1949
f 1888 	456 	459
f 1888 	459 	1893
f 92 	2028 	2025
f 2029 	199 	400
f 1915 	1914 	2018
f 2017 	2018 	1914
f 626 	922 	693
f 919 	844 	922
f 912 	843 	919
f 838 	841 	1325
f 1327 	1325 	841
f 1798 	1791 	1629
f 1629 	1625 	1798
f 466 	1897 	459
f 1893 	459 	1897
f 2018 	2020 	1917
f 2018 	1917 	1915
f 1949 	465 	1965
f 2035 	2028 	92
f 2035 	92 	96
f 1637 	1632 	1791
f 2020 	1919 	1917
f 1757 	1887 	1747
f 1897 	466 	469
f 1897 	469 	1899
f 2137 	585 	2029
f 468 	1970 	465
f 1965 	465 	1970
f 889 	1919 	861
f 2027 	2035 	96
f 2027 	96 	103
f 1272 	1349 	1358
f 472 	1901 	469
f 1899 	469 	1901
f 471 	1981 	468
f 1970 	468 	1981
f 163 	170 	219
f 1901 	472 	482
f 1901 	482 	1907
f 1981 	471 	1990
f 2027 	1411 	2035
f 2035 	1411 	2028
f 1414 	1411 	2026
f 1837 	1488 	1396
f 1832 	1488 	1837
f 1807 	1804 	1488
f 1647 	1643 	1791
f 1643 	1637 	1791
f 580 	199 	585
f 199 	2029 	585
f 46 	171 	48
f 486 	1912 	482
f 1907 	482 	1912
f 2026 	102 	1930
f 484 	2000 	1990
f 1912 	486 	489
f 1912 	489 	1921
f 2004 	2000 	487
f 2037 	1119 	1356
f 2038 	2014 	2037
f 2034 	2036 	2140
f 2026 	2050 	1417
f 1928 	1932 	2026
f 1420 	1417 	2050
f 2050 	2058 	1420
f 2063 	1426 	2053
f 1295 	1364 	1300
f 494 	1924 	489
f 1921 	489 	1924
f 2009 	2004 	487
f 2009 	487 	492
f 1798 	1625 	1804
f 1632 	1629 	1791
f 1369 	1375 	1279
f 1304 	1300 	873
f 1119 	2037 	1139
f 1924 	494 	1960
f 201 	128 	1757
f 873 	893 	1304
f 2042 	2040 	1933
f 2009 	492 	2013
f 1841 	503 	412
f 1308 	1304 	893
f 1756 	1781 	1968
f 1895 	2050 	1932
f 2040 	2018 	2038
f 2042 	861 	2040
f 1819 	1814 	1488
f 1807 	1488 	1814
f 893 	899 	1308
f 899 	836 	1308
f 2145 	2144 	2045
f 1488 	1827 	1819
f 1933 	1938 	2042
f 2047 	2042 	1938
f 1904 	2046 	148
f 2055 	1602 	193
f 1315 	1308 	836
f 836 	837 	1315
f 1320 	1315 	837
f 1827 	1488 	1832
f 494 	507 	1960
f 2049 	1895 	127
f 1896 	127 	1895
f 1480 	1396 	1488
f 2049 	2050 	1895
f 2026 	1932 	2050
f 1627 	1622 	1877
f 2055 	1872 	1602
f 511 	1966 	507
f 1960 	507 	1966
f 1463 	1467 	856
f 2052 	2047 	1938
f 1966 	511 	520
f 1966 	520 	1972
f 2053 	2049 	127
f 2053 	127 	135
f 522 	1978 	520
f 1972 	520 	1978
f 1846 	1396 	1852
f 1843 	1396 	1846
f 2050 	2049 	127
f 2050 	127 	126
f 856 	1470 	1331
f 193 	509 	2055
f 2056 	885 	2052
f 1978 	522 	528
f 1978 	528 	1988
f 1339 	1337 	1684
f 1337 	1331 	1684
f 2041 	2045 	2144
f 2057 	2091 	2051
f 1345 	1735 	1346
f 1684 	1735 	1339
f 533 	1998 	528
f 1988 	528 	1998
f 2050 	126 	133
f 2050 	133 	2058
f 2059 	885 	2056
f 1994 	1983 	1870
f 1870 	1532 	2002
f 1538 	2007 	1532
f 533 	537 	1998
f 2006 	1998 	537
f 2061 	2057 	1046
f 2049 	2053 	2058
f 2064 	2070 	2087
f 127 	2049 	2058
f 127 	2058 	133
f 2011 	2006 	537
f 2011 	537 	540
f 1279 	1272 	1365
f 1358 	1365 	1272
f 1740 	1358 	1349
f 1738 	1740 	1349
f 1349 	1346 	1738
f 1654 	1647 	1791
f 2062 	885 	2059
f 2063 	2053 	135
f 2063 	135 	138
f 2064 	2061 	1046
f 35 	2060 	2065
f 632 	1403 	330
f 2066 	1124 	2062
f 1866 	1868 	1964
f 1936 	1971 	1866
f 1883 	1866 	1971
f 2048 	2146 	2045
f 2088 	2087 	2070
f 1295 	1291 	1380
f 873 	1300 	1364
f 1375 	1376 	1286
f 1286 	1279 	1375
f 1365 	1369 	1279
f 2068 	2063 	138
f 2068 	138 	140
f 2067 	452 	2013
f 2053 	1426 	2058
f 2022 	2040 	861
f 2071 	2067 	17
f 1364 	1295 	1380
f 1376 	1380 	1291
f 1291 	1286 	1376
f 201 	175 	93
f 2086 	1403 	2084
f 632 	2075 	1403
f 1795 	1403 	2097
f 2051 	2154 	2048
f 2070 	2076 	2088
f 2072 	2068 	140
f 2072 	140 	141
f 224 	457 	2071
f 2068 	1429 	2063
f 2072 	1174 	1211
f 1654 	286 	154
f 2075 	1094 	559
f 17 	18 	2071
f 2077 	2071 	18
f 534 	530 	1409
f 141 	523 	2072
f 1174 	2072 	523
f 1654 	1791 	286
f 443 	2009 	448
f 246 	253 	2060
f 2062 	1124 	883
f 2069 	1118 	2066
f 861 	2042 	885
f 2089 	2088 	2076
f 2078 	2075 	559
f 2078 	559 	563
f 1420 	2058 	1426
f 1212 	1211 	1174
f 1211 	1674 	2072
f 2065 	2077 	18
f 2065 	18 	35
f 148 	146 	1906
f 1903 	1906 	146
f 1413 	534 	1409
f 1416 	543 	1413
f 1419 	545 	1416
f 1498 	597 	1494
f 1431 	1491 	592
f 1425 	552 	1419
f 1428 	1431 	560
f 2080 	839 	146
f 1904 	1902 	2080
f 2081 	2078 	563
f 2081 	563 	569
f 253 	266 	2065
f 2067 	2071 	457
f 2077 	224 	2071
f 2060 	2054 	246
f 1635 	231 	2054
f 2087 	2094 	2064
f 1976 	2089 	2076
f 2082 	2079 	1963
f 1560 	1566 	80
f 1691 	1694 	1331
f 1687 	1691 	1331
f 1463 	848 	1457
f 1447 	1451 	848
f 1457 	848 	1451
f 2046 	2080 	146
f 2046 	146 	148
f 1920 	1909 	1577
f 1494 	597 	1491
f 608 	605 	809
f 2084 	2081 	569
f 2084 	569 	574
f 389 	391 	1872
f 1877 	1872 	391
f 2046 	1904 	2080
f 2079 	1100 	2069
f 391 	394 	1877
f 1885 	1877 	394
f 1339 	1735 	1345
f 1930 	102 	1939
f 2084 	1403 	2081
f 1654 	154 	5
f 398 	1885 	394
f 102 	126 	1939
f 2154 	2051 	2152
f 2061 	2064 	2094
f 1945 	2083 	1976
f 2008 	1955 	2003
f 2089 	1976 	2083
f 2082 	1241 	2079
f 1467 	1470 	856
f 1696 	1684 	1694
f 1684 	1331 	1694
f 1470 	1687 	1331
f 6 	5 	154
f 6 	154 	14
f 1923 	2037 	1399
f 2086 	2084 	574
f 2086 	574 	578
f 1896 	1878 	1939
f 2088 	2089 	1080
f 1874 	164 	1747
f 218 	1747 	164
f 1696 	1730 	1717
f 2037 	1923 	1926
f 2037 	1926 	2038
f 219 	218 	163
f 164 	163 	218
f 1080 	2089 	2083
f 1930 	1971 	1936
f 2038 	1926 	1927
f 2038 	1927 	2040
f 1874 	1747 	1887
f 414 	1894 	251
f 2090 	2086 	578
f 2090 	578 	583
f 2040 	1927 	1933
f 1971 	1939 	1883
f 1878 	1883 	1939
f 1894 	414 	418
f 818 	940 	1723
f 816 	940 	818
f 1938 	1940 	2052
f 1964 	1936 	1866
f 2093 	2090 	583
f 2093 	583 	586
f 2092 	2094 	1076
f 1944 	2056 	1940
f 2052 	1940 	2056
f 1727 	1750 	1730
f 1868 	1870 	1983
f 1983 	1964 	1868
f 2093 	1403 	2090
f 2056 	1944 	1946
f 2056 	1946 	2059
f 2087 	1076 	2094
f 1950 	2062 	1946
f 2059 	1946 	2062
f 2002 	1532 	2007
f 1994 	1870 	2002
f 2095 	2093 	586
f 2095 	586 	590
f 2062 	1950 	1953
f 2062 	1953 	2066
f 1734 	1346 	1735
f 1738 	1346 	1734
f 2095 	1403 	2093
f 1956 	2069 	1953
f 2066 	1953 	2069
f 2096 	2095 	590
f 2096 	590 	595
f 1717 	1730 	1750
f 1752 	1750 	940
f 940 	1750 	1723
f 1963 	2079 	1956
f 2152 	2051 	2091
f 2094 	2092 	2061
f 2057 	2061 	2092
f 2092 	2091 	2057
f 1727 	1723 	1750
f 2069 	1956 	2079
f 1752 	940 	1735
f 2097 	2096 	595
f 2097 	595 	598
f 1963 	1967 	2082
f 940 	1754 	1735
f 1969 	2085 	1967
f 2082 	1967 	2085
f 2086 	2090 	1403
f 2076 	1064 	1976
f 434 	438 	1922
f 1969 	1974 	2085
f 2099 	1810 	1392
f 623 	1392 	1810
f 2098 	2097 	598
f 2098 	598 	600
f 2099 	2100 	1811
f 2099 	1811 	1810
f 941 	944 	1976
f 1985 	1976 	944
f 1922 	438 	445
f 2100 	2116 	1811
f 2085 	2103 	1238
f 2101 	2098 	600
f 2101 	600 	602
f 1383 	69 	2012
f 2096 	1403 	2095
f 2101 	1795 	2098
f 1996 	1985 	944
f 1996 	944 	946
f 69 	65 	66
f 69 	66 	2012
f 2102 	2101 	602
f 2102 	602 	609
f 1974 	2103 	2085
f 1384 	2149 	1385
f 1385 	2149 	1392
f 946 	949 	1996
f 2003 	1996 	949
f 2102 	1795 	2101
f 2104 	2103 	1974
f 2104 	1974 	1975
f 2113 	2102 	609
f 470 	1820 	2105
f 2008 	2003 	949
f 2008 	949 	954
f 2104 	1382 	2103
f 2098 	1795 	2097
f 2113 	1795 	2102
f 1949 	461 	465
f 2106 	2105 	1820
f 2106 	1820 	1824
f 2107 	2104 	1975
f 2107 	1975 	1980
f 330 	794 	632
f 954 	959 	2008
f 2016 	2008 	959
f 2106 	2116 	2105
f 2107 	1382 	2104
f 1094 	925 	559
f 2108 	2106 	1824
f 2108 	1824 	1829
f 2109 	2107 	1980
f 2109 	1980 	1984
f 964 	2016 	959
f 2108 	2121 	2106
f 2110 	2108 	1829
f 2110 	1829 	1834
f 2109 	1382 	2107
f 1392 	2149 	2099
f 2110 	2123 	2108
f 2023 	964 	966
f 2111 	2109 	1984
f 2111 	1984 	1987
f 2075 	632 	1094
f 2078 	1403 	2075
f 2081 	1403 	2078
f 2112 	2110 	1834
f 2112 	1834 	1838
f 471 	477 	1990
f 2099 	2105 	2100
f 2112 	2125 	2110
f 2114 	2111 	1987
f 2114 	1987 	1991
f 974 	2023 	966
f 609 	645 	2113
f 2114 	2115 	1382
f 9 	2112 	1838
f 2115 	2114 	1991
f 2115 	1991 	1995
f 1990 	477 	484
f 307 	107 	974
f 1238 	2103 	1382
f 2115 	2118 	1382
f 130 	2117 	663
f 130 	663 	131
f 2116 	1848 	1811
f 2118 	2115 	1995
f 2118 	1995 	1999
f 2116 	2119 	1849
f 2116 	1849 	1848
f 2109 	2111 	1382
f 2118 	8 	1382
f 2029 	400 	990
f 2117 	2120 	665
f 2117 	665 	663
f 8 	2118 	1999
f 8 	1999 	10
f 2119 	2121 	1850
f 2119 	1850 	1849
f 2120 	2122 	647
f 2120 	647 	665
f 2111 	2114 	1382
f 2121 	2123 	1851
f 2121 	1851 	1850
f 2122 	2124 	649
f 2122 	649 	647
f 995 	2034 	990
f 2029 	990 	2034
f 2123 	2125 	1853
f 2123 	1853 	1851
f 2124 	2126 	651
f 2124 	651 	649
f 2125 	2127 	1857
f 2125 	1857 	1853
f 2013 	492 	499
f 2126 	2128 	652
f 2126 	652 	651
f 2127 	2129 	1858
f 2127 	1858 	1857
f 2128 	2130 	653
f 2128 	653 	652
f 509 	389 	1872
f 2034 	995 	1002
f 2034 	1002 	2036
f 2129 	2131 	1859
f 2129 	1859 	1858
f 2130 	57 	653
f 2131 	1387 	1391
f 2131 	1391 	1859
f 1009 	2039 	1002
f 2036 	1002 	2039
f 130 	498 	2117
f 2120 	172 	2122
f 2130 	202 	57
f 2128 	196 	2130
f 2126 	196 	2128
f 2124 	187 	2126
f 2122 	183 	2124
f 536 	198 	2054
f 57 	61 	653
f 2039 	1009 	1015
f 2039 	1015 	2041
f 1872 	2055 	509
f 1387 	2131 	20
f 20 	22 	1387
f 19 	20 	2131
f 2131 	2129 	19
f 9 	19 	2129
f 9 	2129 	2127
f 2125 	2112 	2127
f 2123 	2110 	2125
f 2121 	2108 	2123
f 2119 	2106 	2121
f 2100 	2105 	2116
f 2116 	2106 	2119
f 9 	2127 	2112
f 3 	2011 	4
f 1020 	2045 	1015
f 2041 	1015 	2045
f 3 	88 	2011
f 2045 	1020 	1030
f 2045 	1030 	2048
f 2147 	2132 	455
f 2054 	2060 	538
f 2054 	538 	536
f 1373 	1370 	2148
f 1377 	1373 	2148
f 1378 	1377 	2148
f 1037 	2051 	1030
f 2048 	1030 	2051
f 499 	524 	2013
f 2060 	35 	538
f 2051 	1037 	1040
f 2051 	1040 	2057
f 1553 	1544 	2147
f 2067 	2013 	524
f 2057 	1040 	1046
f 2132 	2134 	1876
f 17 	2067 	524
f 2064 	1046 	1051
f 2070 	2064 	1051
f 2070 	1051 	1058
f 2134 	2132 	1578
f 2076 	2070 	1058
f 2076 	1058 	1064
f 1064 	941 	1976
f 2083 	1072 	1080
f 933 	1072 	2083
f 2088 	1079 	1078
f 2088 	1078 	2087
f 1080 	1079 	2088
f 2136 	424 	613
f 1128 	2152 	1084
f 2136 	744 	424
f 2135 	738 	2136
f 2133 	734 	2135
f 1084 	2091 	1085
f 2092 	1085 	2091
f 1076 	1085 	2092
f 2132 	1863 	455
f 1078 	1076 	2087
f 1863 	2132 	1876
f 666 	585 	2137
f 1099 	2137 	2138
f 1876 	1578 	683
f 1101 	1099 	2139
f 2138 	2139 	1099
f 2139 	2140 	1101
f 1879 	687 	2133
f 2134 	1578 	1876
f 2142 	2143 	1105
f 1880 	1879 	2135
f 2133 	2135 	1879
f 2143 	2144 	1105
f 2135 	2136 	1881
f 2135 	1881 	1880
f 2136 	613 	1881
f 455 	464 	2147
f 2148 	2147 	464
f 2149 	2148 	464
f 2149 	464 	470
f 2148 	2149 	1378
f 470 	2105 	2149
f 2142 	2141 	2039
f 2144 	2143 	2041
f 2039 	2041 	2143
f 2145 	2045 	2146
f 2143 	2142 	2039
f 2036 	2039 	2141
f 2141 	2140 	2036
f 2140 	2139 	2034
f 2029 	2034 	2139
f 2139 	2138 	2029
f 2137 	2029 	2138
f 1384 	1378 	2149
f 2105 	2099 	2149
f 2151 	176 	1122
f 2151 	2153 	176
f 1122 	2150 	2151
f 268 	284 	2153
f 2150 	2153 	2151
f 2091 	1084 	2152
f 2146 	2048 	2154
f 249 	268 	2153
f 403 	240 	2153
f 2137 	1098 	666
f 2137 	1099 	1098
f 1101 	2140 	1102
f 1103 	1102 	2141
f 2140 	2141 	1102
f 2141 	2142 	1104
f 2141 	1104 	1103
f 2142 	1105 	1104
f 1105 	2144 	1107
f 2145 	1108 	1107
f 2145 	1107 	2144
f 1108 	2145 	1109
f 2146 	1109 	2145
f 2146 	2154 	1109
f 2153 	2150 	1140
f 1125 	1140 	2150
f 176 	512 	1122
f 1122 	1125 	2150
f 594 	403 	1140
f 2153 	1140 	403
f 1109 	2154 	1130
f 2154 	2152 	1130
f 1128 	1130 	2152
f 685 	416 	1063
f 416 	426 	2155
f 2156 	2155 	426
f 2157 	2156 	426
f 2157 	426 	431
f 431 	439 	2157
f 2158 	2157 	439
f 1732 	1741 	2155
f 2159 	2158 	439
f 2159 	439 	449
f 1816 	2156 	779
f 449 	2160 	2159
f 2156 	1816 	2155
f 2160 	2162 	2159
f 2161 	2160 	462
f 2157 	779 	2156
f 2161 	2162 	2160
f 2162 	302 	2159
f 165 	2161 	462
f 165 	462 	467
f 462 	475 	2162
f 462 	2162 	2161
f 2158 	302 	2157
f 1823 	2155 	1816
f 2159 	302 	2158
f 475 	24 	2162
f 2161 	165 	79
f 79 	462 	2161
f 166 	165 	467
# 4264 faces

g group_0_12568524

usemtl color_12568524
s 0

f 153 	155 	150
f 150 	168 	153
f 161 	153 	169
f 169 	153 	168
f 1825 	1826 	1822
f 1831 	1833 	1826
f 1835 	1822 	1826
f 1835 	1826 	1833
f 155 	1825 	1822
f 155 	1822 	150
f 1835 	1833 	168
f 1833 	169 	168
f 150 	1822 	168
f 1822 	1835 	168
f 169 	1833 	161
f 1831 	161 	1833
f 155 	153 	1826
f 155 	1826 	1825
f 1826 	153 	161
f 1826 	161 	1831
# 20 faces

 #end of obj_0

